1000个用户的编号,UID,start_time,end_time,is_metro_algo,is_metro_label,地铁站点,问题时段,备注说明,Unnamed: 9,Unnamed: 10,Unnamed: 11
1.0,2715.0,9:28:45,9:51:49,1.0,1.0,,,,,,
2.0,9898.0,17:39:29,18:41:31,0.0,0.0,,,,,,
3.0,21419.0,14:00:29,14:16:48,0.0,0.0,,,,,,
4.0,26878.0,6:13:32,6:32:20,0.0,0.0,,,,,,
5.0,28810.0,16:24:29,17:11:41,0.0,0.0,,,,,,
6.0,33716.0,18:24:58,19:10:15,0.0,0.0,,,,,,
7.0,52538.0,20:21:07,21:04:44,0.0,0.0,,,,,,
8.0,56571.0,9:43:15,10:38:18,0.0,1.0,亦庄桥-灯市口,9:43-10:21,中间站点信令缺失较多,,,
9.0,57316.0,20:43:23,21:06:09,0.0,0.0,,,,,,
10.0,61476.0,10:23:40,14:49:31,0.0,0.0,,,,,,
11.0,73714.0,17:45:09,18:28:32,0.0,1.0,白石桥南-草桥,17:52-18:20,中间站点信令缺失,,,
12.0,78573.0,8:03:24,8:32:52,1.0,1.0,,,中间站点信令缺失,,,
13.0,86137.0,17:08:15,18:02:07,0.0,0.0,,,,,,
14.0,113626.0,7:20:20,7:50:06,0.0,0.0,,,,,,
15.0,131065.0,5:38:44,6:23:51,0.0,0.0,,,,,,
16.0,131244.0,8:23:40,8:55:17,1.0,1.0,东四十条-草房,,比较显著的地铁轨迹,,,
17.0,131931.0,8:15:27,8:45:44,0.0,0.0,,,,,,
18.0,134270.0,20:01:15,22:04:22,0.0,0.0,北京首都机场打车至西城区,,比较显著的长距离驾车轨迹,,,
19.0,135380.0,17:09:00,20:00:03,0.0,0.0,,,,,,
20.0,150535.0,20:31:32,21:33:46,0.0,1.0,石榴庄-高米店北？,21:00-21:21,,,,
21.0,167533.0,8:46:51,9:36:54,0.0,0.0,,,信令缺失无法确认,,,
22.0,170889.0,7:39:04,8:18:53,0.0,0.0,,,,,,
23.0,172590.0,21:19:30,21:45:18,0.0,0.0,,,,,,
24.0,183853.0,20:07:27,20:26:39,0.0,0.0,,,,,,
25.0,186764.0,11:57:49,13:04:14,0.0,0.0,,,,,,
26.0,197951.0,20:01:24,20:37:55,0.0,0.0,,,比较显著的长距离驾车轨迹,,,
27.0,198691.0,6:44:29,8:11:55,0.0,0.0,,,,,,
28.0,206130.0,18:48:32,19:36:44,0.0,0.0,,,比较显著的长距离驾车轨迹,,,
29.0,251229.0,19:37:18,20:29:28,0.0,1.0,西单-永安里,,,,,
30.0,251881.0,9:25:31,12:20:44,0.0,0.0,,,,,,
31.0,257840.0,8:47:30,10:14:56,0.0,0.0,,,,,,
32.0,270035.0,13:38:36,14:04:35,0.0,0.0,,,,,,
33.0,284758.0,15:50:24,16:32:21,0.0,0.0,,,,,,
34.0,305341.0,8:03:33,8:20:50,1.0,1.0,,,中间站点信令缺失,,,
35.0,308779.0,18:01:35,19:34:44,0.0,0.0,,,,,,
36.0,315029.0,5:23:39,5:53:25,0.0,0.0,,,,,,
37.0,321700.0,10:15:22,10:55:50,0.0,0.0,,,,,,
38.0,328604.0,7:37:57,8:04:14,0.0,0.0,,,,,,
39.0,330798.0,8:04:47,8:35:07,0.0,0.0,,,,,,
40.0,338542.0,6:13:50,8:03:33,0.0,1.0,,,中间站点信令缺失,,,
41.0,344421.0,8:30:48,9:39:41,0.0,,,,,,,
42.0,354225.0,7:42:23,8:13:55,1.0,,,,,,,
43.0,360811.0,12:06:32,12:41:09,0.0,,,,,,,
44.0,362127.0,6:57:13,7:40:26,1.0,,,,,,,
45.0,396284.0,19:49:45,21:19:57,0.0,,,,,,,
46.0,400673.0,7:47:39,8:09:10,1.0,,,,,,,
47.0,403013.0,20:50:22,21:27:13,0.0,,,,,,,
48.0,426773.0,8:56:20,11:30:14,0.0,,,,,,,
49.0,430299.0,7:44:51,8:38:56,0.0,,,,,,,
50.0,459645.0,20:40:54,21:17:52,0.0,,,,,,,
51.0,468699.0,14:52:56,16:28:10,0.0,,,,,,,
52.0,469428.0,11:26:29,12:13:37,0.0,,,,,,,
53.0,488572.0,17:37:32,18:14:40,0.0,,,,,,,
54.0,500798.0,19:16:34,20:39:26,0.0,,,,,,,
55.0,515972.0,20:17:34,21:14:17,0.0,,,,,,,
56.0,518126.0,6:53:30,7:47:14,0.0,,,,,,,
57.0,559263.0,7:38:21,8:21:04,0.0,,,,,,,
58.0,559415.0,8:24:38,8:53:35,1.0,,,,,,,
59.0,559867.0,7:35:39,8:18:55,1.0,1.0,十里河-望京西,,,,,
60.0,560788.0,17:10:52,18:22:29,0.0,0.0,,,,,,
61.0,586952.0,8:05:19,9:29:03,0.0,0.5,,,,,,
62.0,588436.0,10:34:32,12:17:15,0.0,,,,,,,
63.0,618407.0,0:50:28,8:00:08,0.0,,,,,,,
64.0,651793.0,21:55:22,22:29:14,0.0,,,,,,,
65.0,652181.0,17:31:47,18:12:21,0.0,,,,,,,
66.0,653275.0,18:44:55,19:00:51,0.0,,,,,,,
67.0,656742.0,10:34:18,12:31:04,0.0,,,,,,,
68.0,658588.0,19:38:40,20:16:38,0.0,,,,,,,
69.0,664917.0,11:25:53,14:22:22,0.0,,,,,,,
70.0,671219.0,19:49:56,23:16:40,0.0,,,,,,,
71.0,677989.0,13:41:53,14:01:17,0.0,,,,,,,
72.0,704245.0,21:07:33,21:28:49,0.0,,,,,,,
73.0,710525.0,8:00:16,9:47:25,0.0,,,,,,,
74.0,713125.0,11:14:11,11:44:18,0.0,,,,,,,
75.0,730812.0,6:24:23,7:00:06,0.0,,,,,,,
76.0,735995.0,13:35:37,13:52:57,0.0,,,,,,,
77.0,774400.0,11:54:11,12:18:58,0.0,,,,,,,
78.0,777303.0,6:47:25,8:28:25,0.0,,,,,,,
79.0,791006.0,18:34:48,19:08:54,0.0,,,,,,,
80.0,804717.0,7:55:46,8:11:16,1.0,,,,,,,
81.0,815970.0,7:28:14,7:52:43,0.0,,,,,,,
82.0,821887.0,5:35:35,6:00:56,0.0,,,,,,,
83.0,827456.0,18:15:56,18:33:28,0.0,,,,,,,
84.0,832190.0,6:32:30,8:58:47,0.0,,,,,,,
85.0,849578.0,18:20:49,18:53:19,0.0,,,,,,,
86.0,855389.0,8:04:39,9:05:52,1.0,,,,,,,
87.0,856592.0,9:05:16,9:29:59,0.0,,,,,,,
88.0,868271.0,16:05:27,16:37:07,1.0,,,,,,,
89.0,870223.0,11:00:04,11:23:03,0.0,,,,,,,
90.0,882130.0,6:06:31,6:58:40,0.0,,,,,,,
91.0,900270.0,19:08:58,20:21:18,0.0,,,,,,,
92.0,903080.0,6:39:18,7:10:19,1.0,,,,,,,
93.0,916600.0,20:12:13,21:05:24,0.0,,,,,,,
94.0,919792.0,13:37:44,15:07:14,1.0,,,,,,,
95.0,925488.0,16:10:43,17:57:29,1.0,,,,,,,
96.0,925814.0,10:08:08,10:58:22,0.0,,,,,,,
97.0,969800.0,9:57:53,10:51:11,0.0,,,,,,,
98.0,1014575.0,17:59:11,19:12:42,0.0,,,,,,,
99.0,1040315.0,6:09:58,6:55:39,0.0,,,,,,,
100.0,1040834.0,20:58:02,21:14:42,0.0,,,,,,,
101.0,1057865.0,15:41:22,16:17:44,0.0,,,,,,,
102.0,1059439.0,7:35:59,7:58:09,0.0,0.0,,,去医院的道路线,,,
103.0,1059899.0,7:55:38,8:22:40,0.0,0.0,,,,,,
104.0,1065817.0,6:47:01,7:17:38,1.0,1.0,,,共10地铁站，七里庄和丰台东大街往返一站,,,
105.0,1076711.0,8:08:05,9:16:29,1.0,0.5,,,3个地铁站，后两个点偏离较远,,,
106.0,1079046.0,12:18:06,12:35:45,0.0,,,,,,,
107.0,1099315.0,15:55:48,18:43:34,0.0,,,,,,,
108.0,1105957.0,17:33:43,17:51:58,0.0,,,,,,,
109.0,1111194.0,6:19:25,7:54:41,0.0,,,,,,,
110.0,1111354.0,17:39:33,21:45:12,0.0,,,,,,,
111.0,1129256.0,9:00:30,9:42:11,1.0,1.0,,,,,,
112.0,1153345.0,9:49:03,11:00:47,0.0,1.0,,,共9个站点，第2个打点是漂远点,,,
113.0,1156449.0,19:05:03,19:41:35,0.0,,,,,,,
114.0,1164109.0,8:24:25,8:52:21,0.0,,,,,,,
115.0,1177255.0,18:51:33,19:25:26,0.0,,,,,,,
116.0,1189607.0,3:54:06,4:12:14,0.0,,,,,,,
117.0,1197802.0,7:51:03,8:33:22,1.0,,,,,,,
118.0,1204218.0,15:23:52,16:08:03,0.0,,,,,,,
119.0,1215682.0,9:28:55,9:52:36,1.0,,,,,,,
120.0,1216180.0,15:23:11,15:48:00,0.0,,,,,,,
121.0,1220157.0,19:45:37,20:14:16,0.0,,,,,,,
122.0,1227596.0,18:01:22,18:25:45,0.0,,,,,,,
123.0,1230983.0,17:37:50,18:04:10,0.0,,,,,,,
124.0,1254867.0,7:20:09,8:19:39,0.0,,,,,,,
125.0,1257634.0,7:25:31,8:29:49,0.0,,,,,,,
126.0,1269495.0,6:31:07,7:12:46,0.0,,,,,,,
127.0,1290546.0,8:45:03,9:37:56,0.0,,,,,,,
128.0,1306812.0,17:54:17,18:47:42,0.0,,,,,,,
129.0,1314444.0,7:43:11,8:11:15,1.0,,,,,,,
130.0,1329807.0,18:13:46,19:24:07,0.0,,,,,,,
131.0,1348746.0,17:48:31,18:11:05,1.0,,,,,,,
132.0,1354515.0,7:37:39,8:25:18,0.0,,,,,,,
133.0,1360267.0,19:12:09,20:33:20,0.0,,,,,,,
134.0,1362440.0,19:33:40,22:42:38,0.0,,,,,,,
135.0,1388674.0,16:37:26,17:17:24,0.0,,,,,,,
136.0,1388942.0,15:21:55,19:49:47,0.0,,,,,,,
137.0,1434564.0,16:43:59,17:00:06,0.0,,,,,,,
138.0,1446609.0,6:13:31,7:29:24,1.0,,,,,,,
139.0,1446709.0,9:21:30,10:13:44,0.0,,,,,,,
140.0,1455923.0,18:55:53,19:17:34,0.0,,,,,,,
141.0,1458563.0,16:30:45,16:54:29,0.0,,,,,,,
142.0,1467802.0,7:03:52,7:40:10,1.0,,,,,,,
143.0,1471047.0,21:08:22,21:27:37,0.0,,,,,,,
144.0,1486059.0,8:04:05,8:41:17,0.0,,,,,,,
145.0,1497819.0,8:00:11,9:00:57,0.0,,,,,,,
146.0,1506875.0,10:48:50,11:05:04,0.0,,,,,,,
147.0,1506918.0,17:59:00,19:37:57,0.0,,,,,,,
148.0,1511270.0,15:12:52,15:28:27,0.0,,,,,,,
149.0,1519258.0,16:18:15,16:45:25,0.0,,,,,,,
150.0,1520445.0,16:22:40,16:52:17,0.0,,,,,,,
151.0,1523314.0,8:17:53,9:26:40,0.0,,,,,,,
152.0,1523813.0,21:27:02,21:43:38,0.0,,,,,,,
153.0,1529788.0,14:17:19,21:21:17,0.0,,,,,,,
154.0,1543419.0,7:47:29,8:49:51,0.0,,,,,,,
155.0,1543807.0,16:21:37,17:28:20,0.0,,,,,,,
156.0,1544399.0,22:55:53,23:30:14,0.0,,,,,,,
157.0,1579074.0,14:51:12,15:40:59,0.0,,,,,,,
158.0,1602023.0,20:20:55,21:01:42,0.0,,,,,,,
159.0,1618158.0,13:19:07,15:33:28,0.0,,,,,,,
160.0,1619211.0,8:24:05,8:58:15,0.0,,,,,,,
161.0,1624034.0,5:29:34,8:42:43,0.0,,,,,,,
162.0,1625841.0,7:21:50,7:53:25,1.0,,,,,,,
163.0,1648547.0,7:45:43,11:02:24,0.0,,,,,,,
164.0,1651471.0,7:50:10,8:12:02,1.0,,,,,,,
165.0,1657092.0,12:10:10,12:40:38,0.0,,,,,,,
166.0,1661231.0,8:44:40,9:15:16,0.0,,,,,,,
167.0,1667515.0,11:23:49,11:47:31,1.0,,,,,,,
168.0,1669216.0,8:27:51,8:54:36,0.0,,,,,,,
169.0,1671500.0,11:57:49,12:16:36,0.0,,,,,,,
170.0,1676020.0,14:13:26,16:45:55,0.0,,,,,,,
171.0,1681618.0,7:31:38,8:06:31,0.0,,,,,,,
172.0,1684051.0,7:23:57,8:32:06,0.0,,,,,,,
173.0,1696288.0,8:51:19,9:08:58,1.0,,,,,,,
174.0,1701863.0,11:46:20,12:11:49,0.0,,,,,,,
175.0,1708360.0,12:45:46,13:05:21,0.0,,,,,,,
176.0,1709950.0,8:10:37,8:55:38,1.0,,,,,,,
177.0,1715090.0,9:52:51,10:17:28,1.0,,,,,,,
178.0,1719903.0,16:50:28,17:06:51,0.0,,,,,,,
179.0,1722871.0,17:40:00,18:58:33,0.0,,,,,,,
180.0,1733486.0,9:34:56,9:57:51,0.0,,,,,,,
181.0,1734002.0,17:10:33,18:13:13,0.0,,,,,,,
182.0,1740399.0,8:33:35,10:38:53,0.0,,,,,,,
183.0,1742502.0,14:55:08,17:16:15,0.0,,,,,,,
184.0,1749931.0,5:25:02,6:46:27,0.0,,,,,,,
185.0,1765914.0,9:24:01,10:17:49,0.0,,,,,,,
186.0,1767692.0,16:00:39,17:46:02,0.0,,,,,,,
187.0,1793591.0,6:01:46,6:27:59,1.0,,,,,,,
188.0,1795897.0,14:39:09,14:57:21,0.0,,,,,,,
189.0,1822649.0,7:49:28,8:14:16,1.0,,,,,,,
190.0,1839072.0,10:24:46,11:25:41,0.0,,,,,,,
191.0,1841776.0,8:47:56,9:12:42,1.0,,,,,,,
192.0,1845277.0,6:55:26,8:50:07,0.0,,,,,,,
193.0,1854718.0,21:52:18,22:40:33,0.0,,,,,,,
194.0,1858879.0,8:20:24,9:09:23,0.0,,,,,,,
195.0,1859403.0,14:38:43,15:35:32,0.0,,,,,,,
196.0,1886396.0,15:20:40,16:29:48,0.0,,,,,,,
197.0,1886732.0,8:24:29,9:34:25,1.0,,,,,,,
198.0,1892655.0,9:28:06,10:01:21,1.0,,,,,,,
199.0,1893307.0,5:04:14,5:32:23,0.0,,,,,,,
200.0,1893759.0,13:10:39,13:52:05,0.0,,,,,,,
201.0,1897465.0,7:32:12,8:00:43,1.0,,,,,,,
202.0,1901843.0,14:59:13,21:39:09,0.0,,,,,,,
203.0,1906653.0,8:22:32,8:53:32,1.0,,,,,,,
204.0,1919659.0,22:04:44,22:44:41,0.0,,,,,,,
,1920103.0,17:02:40,17:44:54,0.0,,,,,,,
,1930976.0,18:24:21,20:52:27,0.0,,,,,,,
,1960324.0,6:16:39,6:42:31,1.0,,,,,,,
,1999388.0,6:55:28,8:21:55,0.0,,,,,,,
,2006891.0,13:48:49,22:47:41,0.0,,,,,,,
,2038042.0,6:54:16,8:33:56,0.0,,,,,,,
,2039495.0,15:52:31,17:13:46,0.0,,,,,,,
,2051877.0,7:32:51,8:28:27,0.0,,,,,,,
,2055035.0,16:25:36,17:15:36,0.0,,,,,,,
,2074756.0,8:10:38,9:00:40,1.0,,,,,,,
,2076335.0,20:19:21,21:55:53,0.0,,,,,,,
,2077307.0,12:08:39,12:54:53,1.0,,,,,,,
,2081829.0,11:14:55,12:09:46,0.0,,,,,,,
,2084639.0,17:51:24,18:58:50,1.0,,,,,,,
,2087937.0,20:17:14,22:26:11,0.0,,,,,,,
,2090062.0,17:19:27,20:32:12,0.0,,,,,,,
,2099221.0,12:43:58,13:32:00,0.0,,,,,,,
,2109848.0,10:30:46,11:01:00,0.0,,,,,,,
,2150372.0,7:56:26,16:48:28,0.0,,,,,,,
,2162191.0,16:54:16,17:27:47,0.0,,,,,,,
,2167471.0,6:02:29,6:18:41,0.0,,,,,,,
,2174325.0,7:29:44,8:33:11,0.0,,,,,,,
,2175643.0,7:56:35,8:41:38,1.0,,,,,,,
,2180922.0,16:30:21,17:41:21,1.0,,,,,,,
,2183391.0,6:25:10,7:40:23,1.0,,,,,,,
,2189453.0,16:49:01,17:16:32,0.0,,,,,,,
,2195904.0,10:21:18,19:19:04,0.0,,,,,,,
,2196843.0,1:16:52,2:30:16,0.0,,,,,,,
,2228722.0,18:08:39,18:42:48,0.0,,,,,,,
,2233890.0,6:15:51,7:15:17,0.0,,,,,,,
,2234700.0,11:13:47,11:50:13,0.0,,,,,,,
,2252230.0,6:56:52,8:53:06,0.0,,,,,,,
,2252312.0,7:55:42,8:38:30,0.0,,,,,,,
,2275615.0,10:54:58,11:41:26,0.0,,,,,,,
,2282234.0,6:08:41,7:18:45,0.0,,,,,,,
,2307210.0,19:04:30,20:09:05,0.0,,,,,,,
,2327597.0,6:51:13,7:16:38,1.0,,,,,,,
,2332180.0,17:57:51,18:16:41,1.0,,,,,,,
,2332967.0,11:10:47,11:31:29,0.0,,,,,,,
,2334770.0,18:43:31,19:40:05,0.0,,,,,,,
,2334911.0,17:01:07,17:27:05,0.0,,,,,,,
,2338210.0,20:43:03,21:16:20,0.0,,,,,,,
,2345404.0,10:00:45,10:23:53,1.0,,,,,,,
,2346320.0,11:19:45,11:41:28,0.0,,,,,,,
,2346638.0,13:17:54,13:42:08,1.0,,,,,,,
,2348280.0,8:00:13,8:27:15,0.0,,,,,,,
,2358159.0,7:45:12,18:12:28,0.0,,,,,,,
,2377674.0,8:31:22,10:23:02,0.0,,,,,,,
,2387039.0,7:31:15,8:07:46,0.0,,,,,,,
,2407007.0,18:39:13,21:19:15,0.0,,,,,,,
,2417034.0,16:00:41,18:58:15,0.0,,,,,,,
,2419349.0,8:41:29,9:09:34,1.0,,,,,,,
,2426298.0,9:17:51,9:34:33,1.0,,,,,,,
,2426726.0,18:03:25,21:57:55,0.0,,,,,,,
,2431462.0,9:40:09,12:21:31,0.0,,,,,,,
,2437210.0,8:21:06,8:45:12,0.0,,,,,,,
,2438839.0,18:26:48,19:29:26,0.0,,,,,,,
,2472521.0,7:08:13,8:15:06,1.0,,,,,,,
,2476588.0,17:52:59,19:11:04,0.0,,,,,,,
,2479940.0,17:50:17,19:59:55,0.0,,,,,,,
,2496917.0,7:17:41,8:23:59,0.0,,,,,,,
,2503771.0,18:22:27,18:41:08,0.0,,,,,,,
,2509919.0,19:23:16,19:40:54,0.0,,,,,,,
,2511921.0,21:05:44,21:37:18,0.0,,,,,,,
,2518617.0,5:06:31,20:58:20,0.0,,,,,,,
,2524833.0,8:57:54,10:24:13,0.0,,,,,,,
,2527805.0,12:41:13,13:17:25,0.0,,,,,,,
,2550476.0,15:52:47,16:33:27,0.0,,,,,,,
,2554828.0,7:46:17,8:14:58,1.0,,,,,,,
,2556846.0,8:00:22,8:52:00,0.0,,,,,,,
,2560959.0,6:30:10,7:41:40,0.0,,,,,,,
,2576184.0,8:38:04,8:57:54,1.0,,,,,,,
,2587118.0,4:16:40,4:57:44,0.0,,,,,,,
,2587847.0,17:51:41,18:18:39,0.0,,,,,,,
,2590227.0,12:24:35,12:58:17,0.0,,,,,,,
,2602340.0,18:37:11,19:35:17,0.0,,,,,,,
,2616588.0,8:28:04,9:18:16,1.0,,,,,,,
,2617472.0,17:16:12,17:48:43,0.0,,,,,,,
,2621115.0,16:55:09,17:38:07,0.0,,,,,,,
,2634301.0,17:45:02,18:25:48,0.0,,,,,,,
,2639724.0,15:18:31,16:17:38,0.0,,,,,,,
,2656131.0,14:50:40,15:49:35,0.0,,,,,,,
,2687506.0,14:58:55,20:33:35,0.0,,,,,,,
,2702120.0,15:55:01,17:01:08,0.0,,,,,,,
,2712283.0,20:39:17,21:02:15,0.0,,,,,,,
,2746415.0,19:02:52,19:54:52,0.0,,,,,,,
,2764730.0,13:12:39,13:51:06,0.0,,,,,,,
,2783384.0,7:39:11,8:05:37,0.0,,,,,,,
,2799537.0,13:52:22,14:09:43,0.0,,,,,,,
,2799598.0,20:51:18,21:26:11,0.0,,,,,,,
,2830931.0,13:57:06,14:41:35,0.0,,,,,,,
,2843727.0,8:44:10,9:35:13,1.0,,,,,,,
,2853337.0,18:05:07,18:21:21,0.0,,,,,,,
,2864637.0,12:14:37,12:51:18,1.0,,,,,,,
,2870866.0,8:36:41,9:00:09,0.0,,,,,,,
,2882936.0,6:50:57,9:45:04,0.0,,,,,,,
,2888288.0,5:28:34,5:44:40,0.0,,,,,,,
,2897036.0,7:23:37,7:54:47,0.0,,,,,,,
,2902542.0,7:23:38,8:13:54,0.0,,,,,,,
,2902950.0,21:22:52,21:48:38,0.0,,,,,,,
,2915400.0,7:53:02,8:43:02,0.0,,,,,,,
,2928523.0,8:41:49,9:36:49,0.0,,,,,,,
,2930188.0,18:23:24,18:50:23,0.0,,,,,,,
,2932376.0,17:26:56,22:59:16,0.0,,,,,,,
,2950070.0,18:03:49,21:15:52,0.0,,,,,,,
,2969652.0,17:12:00,19:35:20,0.0,,,,,,,
,2990152.0,11:53:18,12:11:13,1.0,,,,,,,
,2994565.0,6:29:57,6:54:52,0.0,,,,,,,
,3002180.0,9:10:49,10:46:41,0.0,,,,,,,
,3006939.0,7:28:20,7:58:11,1.0,,,,,,,
,3007641.0,4:46:12,5:04:40,0.0,,,,,,,
,3015055.0,17:53:02,18:31:31,0.0,,,,,,,
,3021797.0,11:56:23,14:01:15,0.0,,,,,,,
,3033812.0,6:08:57,7:09:26,1.0,,,,,,,
,3042714.0,17:21:10,18:07:09,1.0,,,,,,,
,3043158.0,7:32:13,8:29:07,0.0,,,,,,,
,3051609.0,16:47:11,17:48:25,1.0,,,,,,,
,3059962.0,1:00:34,2:47:54,0.0,,,,,,,
,3060575.0,18:42:28,19:25:32,0.0,,,,,,,
,3063444.0,8:15:53,9:46:55,0.0,,,,,,,
,3074543.0,13:02:55,15:07:25,0.0,,,,,,,
,3078973.0,19:00:08,19:49:26,0.0,,,,,,,
,3086908.0,11:31:15,19:47:20,0.0,,,,,,,
,3119323.0,8:01:38,8:43:27,1.0,,,,,,,
,3126364.0,7:23:52,8:21:39,0.0,,,,,,,
,3126491.0,7:03:04,7:49:55,0.0,,,,,,,
,3132252.0,17:57:13,18:31:44,0.0,,,,,,,
,3136985.0,14:40:22,15:38:19,0.0,,,,,,,
,3172053.0,9:58:37,11:43:21,0.0,,,,,,,
,3174332.0,16:27:56,18:06:53,0.0,,,,,,,
,3175027.0,11:25:05,12:57:00,0.0,,,,,,,
,3184686.0,6:58:32,7:15:00,0.0,,,,,,,
,3193359.0,14:23:13,15:34:11,0.0,,,,,,,
,3205768.0,19:12:42,19:27:43,0.0,,,,,,,
,3210980.0,18:39:29,19:04:04,1.0,,,,,,,
,3224081.0,9:00:39,10:20:03,0.0,,,,,,,
,3225554.0,17:28:02,18:06:49,1.0,,,,,,,
,3252539.0,12:32:51,12:57:52,0.0,,,,,,,
,3256103.0,11:13:31,12:10:02,0.0,,,,,,,
,3270242.0,20:23:05,21:48:49,0.0,,,,,,,
,3278969.0,22:50:58,23:23:56,1.0,,,,,,,
,3284880.0,6:02:36,6:39:42,0.0,,,,,,,
,3287804.0,5:58:42,6:18:09,1.0,,,,,,,
,3310197.0,5:29:57,5:52:15,1.0,,,,,,,
,3319412.0,10:24:38,14:00:04,0.0,,,,,,,
,3334646.0,17:30:05,19:03:26,0.0,,,,,,,
,3335292.0,7:39:51,8:17:49,1.0,,,,,,,
,3349170.0,14:25:29,15:55:54,1.0,,,,,,,
,3357373.0,15:40:13,16:30:06,0.0,,,,,,,
,3364226.0,13:27:30,14:01:53,0.0,,,,,,,
,3389379.0,16:01:02,17:47:02,0.0,,,,,,,
,3394546.0,7:59:58,8:23:54,0.0,,,,,,,
,3400782.0,9:50:29,10:48:18,0.0,,,,,,,
,3407617.0,7:49:16,8:07:15,1.0,,,,,,,
,3421087.0,13:54:50,14:24:22,0.0,,,,,,,
,3429657.0,20:10:38,21:52:42,0.0,,,,,,,
,3452913.0,12:44:44,18:14:43,0.0,,,,,,,
,3463172.0,19:40:52,20:13:23,0.0,,,,,,,
,3486745.0,20:05:59,20:33:09,0.0,,,,,,,
,3487264.0,18:35:03,19:41:12,0.0,,,,,,,
,3509647.0,6:45:09,7:47:55,0.0,,,,,,,
,3513896.0,17:45:40,19:06:37,0.0,,,,,,,
,3514684.0,10:11:31,10:44:24,0.0,,,,,,,
,3531482.0,7:15:38,7:42:06,1.0,,,,,,,
,3533424.0,5:07:15,5:57:11,0.0,,,,,,,
,3534990.0,7:23:52,7:54:52,1.0,,,,,,,
,3535132.0,20:40:04,21:02:37,0.0,,,,,,,
,3553576.0,9:05:50,9:23:49,1.0,,,,,,,
,3561521.0,12:13:38,13:00:33,0.0,,,,,,,
,3579604.0,10:58:58,11:46:57,0.0,,,,,,,
,3592607.0,7:09:03,7:49:05,0.0,,,,,,,
,3598985.0,16:25:01,17:55:21,0.0,,,,,,,
,3604468.0,7:29:09,8:46:04,0.0,,,,,,,
,3606229.0,20:29:22,21:18:25,0.0,,,,,,,
,3611826.0,18:43:38,19:57:44,0.0,,,,,,,
,3617347.0,9:14:09,9:37:17,0.0,,,,,,,
,3625130.0,20:06:15,20:29:58,0.0,,,,,,,
,3630440.0,9:32:14,20:24:29,0.0,,,,,,,
,3631462.0,15:00:27,16:07:31,0.0,,,,,,,
,3633380.0,13:30:39,14:25:10,0.0,,,,,,,
,3643590.0,12:46:40,14:04:33,0.0,,,,,,,
,3644428.0,6:33:22,7:12:56,0.0,,,,,,,
,3656906.0,16:06:21,17:45:16,0.0,,,,,,,
,3677493.0,8:51:02,9:37:17,1.0,,,,,,,
,3682794.0,0:46:48,1:21:21,0.0,,,,,,,
,3684332.0,15:20:24,16:12:20,0.0,,,,,,,
,3689490.0,8:14:24,10:23:47,0.0,,,,,,,
,3695390.0,7:00:27,8:26:52,0.0,,,,,,,
,3701944.0,11:38:15,12:08:35,0.0,,,,,,,
,3708764.0,14:03:16,14:47:55,1.0,,,,,,,
,3713783.0,12:26:01,16:52:34,0.0,,,,,,,
,3724253.0,16:18:12,18:00:57,1.0,,,,,,,
,3726732.0,19:07:22,19:24:28,0.0,,,,,,,
,3736503.0,7:56:54,8:44:25,1.0,,,,,,,
,3750469.0,6:22:25,6:45:23,0.0,,,,,,,
,3771258.0,17:54:16,19:34:22,0.0,,,,,,,
,3795047.0,6:34:13,7:43:31,0.0,0.5,7:17:18-7:43:31,,,,,
,3820666.0,8:53:28,9:42:32,1.0,1.0,,,,,,
,3842128.0,5:53:47,7:18:03,0.0,0.0,,,,,,
,3857225.0,16:26:46,19:09:08,0.0,0.0,,,,,,
,3880918.0,7:51:25,8:13:34,0.0,0.0,,,,,,
,3882263.0,18:36:49,20:23:11,0.0,0.0,,,,,,
,3888377.0,12:09:21,12:24:25,0.0,0.0,,,,,,
,3888965.0,17:05:57,20:38:25,0.0,0.0,,,,,,
,3895591.0,3:56:05,4:44:15,0.0,0.0,,,,,,
,3900031.0,6:13:32,6:29:55,0.0,0.0,,,,,,
,3939663.0,16:34:55,16:55:27,0.0,0.0,,,,,,
,3947560.0,6:58:10,19:57:22,0.0,0.5,后沙峪-安立路,7:07:59-8:09:41,信令缺失,19:07:17-19:37:07,金台路-后沙峪,信令缺失
,3967978.0,8:13:26,8:35:04,1.0,1.0,,,,,,
,3974129.0,17:32:01,18:03:24,0.0,0.0,,,,,,
,3979111.0,16:09:15,16:27:27,0.0,0.0,,,,,,
,3980782.0,7:09:54,7:43:29,0.0,0.0,,,,,,
,3985295.0,8:12:21,9:08:19,1.0,1.0,,,,,,
,3991499.0,17:19:10,18:01:24,0.0,,,,,,,
,3992518.0,22:30:46,22:48:23,0.0,,,,,,,
,4003766.0,12:48:24,13:19:15,0.0,,,,,,,
,4013363.0,17:23:46,18:23:27,0.0,,,,,,,
,4014587.0,18:13:51,19:25:20,0.0,,,,,,,
,4015185.0,7:48:41,8:35:44,1.0,,,,,,,
,4026079.0,20:15:04,20:52:58,0.0,,,,,,,
,4037915.0,10:26:51,11:42:40,0.0,,,,,,,
,4046262.0,5:49:50,6:05:11,1.0,,,,,,,
,4072134.0,12:11:55,13:17:24,0.0,,,,,,,
,4072365.0,18:18:45,19:06:07,0.0,,,,,,,
,4086822.0,8:07:32,8:30:53,0.0,,,,,,,
,4089387.0,8:32:32,18:59:44,0.0,,,,,,,
,4109041.0,9:11:25,11:43:06,0.0,,,,,,,
,4122593.0,11:31:16,12:00:02,0.0,,,,,,,
,4149419.0,16:31:11,17:42:34,0.0,,,,,,,
,4150161.0,7:25:24,12:32:25,0.0,,,,,,,
,4162756.0,8:05:51,8:55:52,0.0,,,,,,,
,4168486.0,6:00:27,6:18:47,0.0,,,,,,,
,4178585.0,7:19:49,8:15:04,0.0,,,,,,,
,4195629.0,19:29:40,19:55:14,0.0,,,,,,,
,4197541.0,16:54:46,18:54:20,0.0,,,,,,,
,4201519.0,15:00:44,15:31:30,1.0,,,,,,,
,4203823.0,18:04:38,19:14:57,0.0,,,,,,,
,4204477.0,16:56:26,17:21:23,0.0,,,,,,,
,4210496.0,6:37:43,8:31:38,0.0,,,,,,,
,4221782.0,19:16:18,20:26:12,0.0,,,,,,,
,4228073.0,20:38:09,21:10:50,0.0,,,,,,,
,4237723.0,17:39:23,19:14:36,0.0,,,,,,,
,4242737.0,8:55:40,9:22:43,1.0,,,,,,,
,4253629.0,6:17:40,7:59:18,0.0,,,,,,,
,4256782.0,7:25:34,8:00:57,0.0,,,,,,,
,4261792.0,8:28:00,8:48:37,1.0,,,,,,,
,4282847.0,8:57:11,9:46:45,0.0,,,,,,,
,4285815.0,14:12:16,15:10:25,0.0,,,,,,,
,4288990.0,18:20:40,19:10:45,0.0,,,,,,,
,4321539.0,6:09:05,7:50:08,0.0,,,,,,,
,4325579.0,15:40:09,16:17:07,0.0,,,,,,,
,4326906.0,11:58:25,12:34:09,0.0,,,,,,,
,4333565.0,17:30:24,17:49:48,0.0,,,,,,,
,4345305.0,16:17:12,17:43:34,0.0,,,,,,,
,4347268.0,6:40:25,7:46:17,0.0,,,,,,,
,4372233.0,7:59:00,9:00:21,1.0,,,,,,,
,4375183.0,13:47:22,14:39:58,0.0,,,,,,,
,4385520.0,4:03:20,4:31:36,0.0,,,,,,,
,4401541.0,14:49:47,15:31:04,1.0,,,,,,,
,4407937.0,17:17:54,19:57:02,0.0,,,,,,,
,4411627.0,17:00:10,17:29:28,0.0,,,,,,,
,4426028.0,8:32:58,8:52:31,1.0,,,,,,,
,4426468.0,9:00:36,9:30:22,0.0,,,,,,,
,4430665.0,11:13:39,11:52:06,0.0,,,,,,,
,4431019.0,14:09:15,14:43:58,0.0,,,,,,,
,4459551.0,19:03:40,22:38:39,0.0,,,,,,,
,4459819.0,11:33:27,12:17:15,0.0,,,,,,,
,4482807.0,20:00:07,21:27:31,1.0,,,,,,,
,4484127.0,7:34:28,8:14:29,0.0,,,,,,,
,4485441.0,22:51:52,23:39:13,0.0,,,,,,,
,4497837.0,12:47:27,13:03:53,0.0,,,,,,,
,4511669.0,18:05:59,18:43:39,0.0,,,,,,,
,4522489.0,13:18:53,16:00:22,0.0,,,,,,,
,4529123.0,6:51:10,7:28:25,1.0,,,,,,,
,4555553.0,12:07:35,12:42:25,0.0,,,,,,,
,4575481.0,15:54:08,16:26:53,1.0,,,,,,,
,4576382.0,9:49:21,10:10:36,0.0,,,,,,,
,4579223.0,12:27:47,13:16:54,0.0,,,,,,,
,4592034.0,14:40:20,15:04:53,1.0,,,,,,,
,4608017.0,9:30:55,9:47:49,0.0,,,,,,,
,4611299.0,19:10:08,20:09:56,0.0,,,,,,,
,4616354.0,17:55:28,19:14:27,0.0,,,,,,,
,4620884.0,7:02:23,7:49:07,0.0,,,,,,,
,4628768.0,6:08:54,7:26:05,0.0,,,,,,,
,4630267.0,11:07:18,11:24:48,0.0,,,,,,,
,4645154.0,16:25:36,16:46:47,0.0,,,,,,,
,4646595.0,5:19:39,6:09:40,0.0,,,,,,,
,4649772.0,16:43:28,17:24:13,0.0,,,,,,,
,4654348.0,10:53:42,11:36:09,1.0,,,,,,,
,4661700.0,12:10:49,12:45:17,1.0,,,,,,,
,4670535.0,5:35:45,14:05:04,0.0,,,,,,,
,4699428.0,14:12:05,14:30:36,0.0,,,,,,,
,4710214.0,16:57:05,17:53:06,0.0,,,,,,,
,4719005.0,5:59:03,8:21:34,0.0,,,,,,,
,4761747.0,16:25:56,16:49:50,1.0,,,,,,,
,4764336.0,8:57:16,10:19:04,0.0,,,,,,,
,4768181.0,19:14:27,19:46:30,0.0,,,,,,,
,4784426.0,6:34:16,7:35:05,0.0,,,,,,,
,4793107.0,10:41:14,12:09:00,0.0,,,,,,,
,4793115.0,8:51:59,9:49:27,0.0,,,,,,,
,4801589.0,14:03:37,14:22:59,0.0,,,,,,,
,4820920.0,9:10:51,9:32:43,0.0,,,,,,,
,4824645.0,13:40:13,14:03:47,0.0,,,,,,,
,4826596.0,6:33:39,8:30:52,0.0,,,,,,,
,4837534.0,18:04:26,19:07:42,0.0,,,,,,,
,4838688.0,16:48:00,18:03:48,0.0,,,,,,,
,4844498.0,11:57:49,12:20:39,0.0,,,,,,,
,4849406.0,20:00:35,20:24:20,0.0,,,,,,,
,4852852.0,11:00:16,11:19:00,0.0,,,,,,,
,4857022.0,7:56:27,8:11:45,0.0,,,,,,,
,4858736.0,14:08:19,14:24:03,0.0,,,,,,,
,4876366.0,21:04:46,21:24:21,0.0,,,,,,,
,4878956.0,17:38:38,17:57:43,0.0,,,,,,,
,4879234.0,11:42:33,14:18:57,0.0,,,,,,,
,4882220.0,7:42:37,8:46:56,0.0,,,,,,,
,4889513.0,18:34:37,19:22:17,0.0,,,,,,,
,4892914.0,15:18:26,19:06:26,0.0,,,,,,,
,4899201.0,14:25:28,14:53:48,0.0,,,,,,,
,4903306.0,9:02:19,12:10:35,0.0,,,,,,,
,4921618.0,9:00:11,9:16:31,0.0,,,,,,,
,4927733.0,6:31:24,6:57:47,1.0,,,,,,,
,4929643.0,11:33:47,11:53:40,0.0,,,,,,,
,4937733.0,18:33:20,20:08:17,0.0,,,,,,,
,4943856.0,9:21:36,10:02:21,1.0,,,,,,,
,4951965.0,17:20:04,17:43:39,1.0,,,,,,,
,4962570.0,9:12:07,9:59:37,0.0,,,,,,,
,4964324.0,3:41:53,4:42:36,0.0,,,,,,,
,4969737.0,9:18:48,11:50:45,0.0,,,,,,,
,4980699.0,12:37:57,13:31:23,0.0,,,,,,,
,5002855.0,16:55:13,17:23:41,0.0,,,,,,,
,5025039.0,15:46:42,16:24:20,0.0,,,,,,,
,5029684.0,16:01:22,17:18:42,0.0,,,,,,,
,5035733.0,7:22:23,11:09:12,0.0,,,,,,,
,5053077.0,17:34:09,18:46:12,0.0,,,,,,,
,5067807.0,19:03:21,20:00:42,0.0,,,,,,,
,5076936.0,9:45:43,10:11:24,0.0,,,,,,,
,5079047.0,9:36:42,10:03:08,0.0,,,,,,,
,5085931.0,16:28:41,17:33:40,0.0,,,,,,,
,5099573.0,20:02:06,20:40:35,0.0,,,,,,,
,5099812.0,6:26:46,7:18:38,0.0,,,,,,,
,5106017.0,21:46:31,22:47:47,0.0,,,,,,,
,5124763.0,7:10:02,7:53:22,1.0,,,,,,,
,5141537.0,9:02:30,9:55:20,1.0,,,,,,,
,5171159.0,6:26:16,7:18:29,1.0,,,,,,,
,5266098.0,8:11:21,8:26:31,1.0,,,,,,,
,5291714.0,16:06:18,16:50:52,1.0,,,,,,,
,5296324.0,10:15:51,10:35:44,1.0,,,,,,,
,5430553.0,8:48:46,9:39:41,1.0,,,,,,,
,5651995.0,11:41:41,12:05:27,1.0,,,,,,,
,5671520.0,6:05:31,6:40:30,1.0,,,,,,,
,5677131.0,20:13:30,20:30:11,1.0,,,,,,,
,5763757.0,5:49:39,6:10:06,1.0,,,,,,,
,5833434.0,6:53:22,7:36:46,1.0,,,,,,,
,5914429.0,7:42:48,8:23:27,1.0,,,,,,,
,6018800.0,8:03:51,8:45:28,1.0,,,,,,,
,6024663.0,8:02:56,8:44:56,1.0,,,,,,,
,6190103.0,7:50:42,8:09:35,1.0,,,,,,,
,6299726.0,7:27:55,8:14:26,1.0,,,,,,,
,6333212.0,8:35:31,9:02:23,1.0,,,,,,,
,6450828.0,7:44:59,8:11:37,1.0,,,,,,,
,6488589.0,8:24:41,8:42:03,1.0,,,,,,,
,6724919.0,9:00:07,9:40:06,1.0,,,,,,,
,6836982.0,7:39:02,8:35:26,1.0,,,,,,,
,6901862.0,8:54:13,9:50:02,1.0,,,,,,,
,6925052.0,15:10:31,15:55:44,1.0,,,,,,,
,6952349.0,18:54:39,19:47:50,1.0,,,,,,,
,6965463.0,17:30:51,18:21:28,1.0,,,,,,,
,7015513.0,17:48:11,18:17:59,1.0,,,,,,,
,7088114.0,10:51:49,11:28:04,1.0,,,,,,,
,7291980.0,14:23:02,14:47:27,1.0,,,,,,,
,7311723.0,8:14:48,8:41:01,1.0,,,,,,,
,7488393.0,7:47:31,8:48:16,1.0,,,,,,,
,7500019.0,10:53:18,11:13:18,1.0,,,,,,,
,7534274.0,8:04:13,9:01:40,1.0,,,,,,,
,7595501.0,21:32:06,21:50:51,1.0,,,,,,,
,7645196.0,8:18:45,8:52:03,1.0,,,,,,,
,7672316.0,7:54:36,8:15:27,1.0,,,,,,,
,7692453.0,19:50:06,20:49:57,1.0,,,,,,,
,7738750.0,8:07:32,9:33:15,1.0,,,,,,,
,7903077.0,17:49:04,18:18:26,1.0,,,,,,,
,7929211.0,15:30:26,16:22:50,1.0,,,,,,,
,8052890.0,8:14:02,8:59:07,1.0,,,,,,,
,8146107.0,7:43:49,8:32:32,1.0,,,,,,,
,8171496.0,8:16:12,9:21:38,1.0,,,,,,,
,8192900.0,22:13:35,22:32:56,1.0,,,,,,,
,8255659.0,19:23:01,20:08:18,1.0,,,,,,,
,8304899.0,16:14:34,16:39:52,1.0,,,,,,,
,8332430.0,18:30:09,18:58:59,1.0,,,,,,,
,8367374.0,7:24:28,7:49:36,1.0,,,,,,,
,8430518.0,8:17:37,8:46:15,1.0,,,,,,,
,8474174.0,20:01:09,20:45:56,1.0,,,,,,,
,8503006.0,7:46:38,8:14:35,1.0,,,,,,,
,8556778.0,7:42:21,8:18:27,1.0,,,,,,,
,8562682.0,7:24:51,8:29:03,1.0,,,,,,,
,8596247.0,18:11:07,18:29:13,1.0,,,,,,,
,8742410.0,6:35:40,7:30:23,1.0,,,,,,,
,8811888.0,9:12:21,9:48:26,1.0,1.0,,,,,,
,8873599.0,7:02:52,8:11:22,1.0,1.0,7:27:06-7:50:16,此段轨迹异常,明显地铁轨迹,,,
,8993420.0,6:28:25,6:54:11,1.0,1.0,,,,,,
,9016334.0,8:23:45,8:49:00,1.0,1.0,,,,,,
,9228407.0,20:10:36,20:28:47,1.0,1.0,,,,,,
,9261315.0,8:21:43,8:55:31,1.0,1.0,,,,,,
,9294098.0,8:50:59,9:59:04,1.0,1.0,,,,,,
,9304050.0,7:38:51,8:11:48,1.0,1.0,,,,,,
,9311579.0,21:19:18,21:50:00,1.0,1.0,,,,,,
,9325250.0,14:21:51,14:39:00,1.0,0.0,,,,,,
,9370021.0,8:36:29,9:24:27,1.0,1.0,,,,,,
,9410939.0,14:58:50,15:56:03,1.0,1.0,,,,,,
,9425428.0,10:57:38,11:47:44,1.0,1.0,,,,,,
,9468194.0,7:34:19,7:50:22,1.0,0.0,,,,,,
,9495834.0,7:27:55,8:22:50,1.0,1.0,,,,,,
,9693295.0,9:27:44,9:54:22,1.0,1.0,,,,,,
,9791667.0,6:59:25,7:52:09,1.0,1.0,,,,,,
,9829123.0,7:40:10,8:08:04,1.0,1.0,,,,,,
,9849382.0,8:20:40,8:44:25,1.0,1.0,,,,,,
,9894780.0,6:37:14,6:52:43,1.0,0.0,,,,,,
,9915570.0,8:13:03,8:47:58,1.0,0.0,,,,,,
,9916768.0,8:25:04,9:13:22,1.0,0.0,信令缺失无法确认,,,,,
,9923651.0,9:05:50,10:01:50,1.0,,,,,,,
,9966323.0,8:12:26,9:02:25,1.0,,,,,,,
,10008060.0,9:15:48,9:51:32,1.0,,,,,,,
,10053099.0,7:48:33,9:04:46,1.0,,,,,,,
,10103979.0,8:30:09,9:19:10,1.0,,,,,,,
,10233093.0,10:30:55,11:34:13,1.0,,,,,,,
,10281430.0,8:23:36,8:56:43,1.0,,,,,,,
,10285235.0,11:04:37,11:57:22,1.0,,,,,,,
,10433992.0,6:53:41,7:28:06,1.0,,,,,,,
,10474513.0,8:16:53,8:47:57,1.0,,,,,,,
,10481962.0,9:45:36,10:57:45,1.0,,,,,,,
,10530386.0,21:16:39,21:39:17,1.0,,,,,,,
,10546688.0,7:46:12,8:11:38,1.0,,,,,,,
,10553787.0,14:48:18,15:37:36,1.0,,,,,,,
,10561696.0,17:37:45,18:01:07,1.0,,,,,,,
,10750008.0,9:18:25,9:39:42,1.0,,,,,,,
,10829338.0,6:46:38,8:08:38,1.0,,,,,,,
,10947719.0,18:10:40,18:39:43,1.0,,,,,,,
,11005189.0,7:40:59,8:20:03,1.0,,,,,,,
,11018917.0,9:04:51,9:38:17,1.0,,,,,,,
,11033139.0,15:28:53,15:46:45,1.0,,,,,,,
,11131692.0,14:11:42,15:27:01,1.0,,,,,,,
,11133151.0,8:26:18,10:05:25,1.0,,,,,,,
,11167295.0,6:16:39,7:05:21,1.0,,,,,,,
,11333281.0,7:28:20,8:26:19,1.0,,,,,,,
,11366258.0,8:58:15,10:14:54,1.0,,,,,,,
,11505072.0,14:33:34,15:07:31,1.0,,,,,,,
,11575129.0,18:39:13,18:55:40,1.0,,,,,,,
,11637366.0,7:31:17,8:07:34,1.0,,,,,,,
,11764534.0,8:36:09,9:03:48,1.0,,,,,,,
,11951619.0,17:54:47,18:23:06,1.0,,,,,,,
,11956635.0,17:29:41,17:52:17,1.0,,,,,,,
,11984847.0,5:45:23,6:33:43,1.0,,,,,,,
,12000922.0,7:57:37,8:34:12,1.0,,,,,,,
,12074256.0,9:19:26,10:05:45,1.0,,,,,,,
,12075717.0,7:20:28,7:51:14,1.0,,,,,,,
,12076311.0,7:56:15,8:12:37,1.0,,,,,,,
,12082517.0,12:09:37,13:00:33,1.0,,,,,,,
,12088403.0,8:35:58,8:58:01,1.0,,,,,,,
,12141600.0,8:51:26,9:47:07,1.0,,,,,,,
,12273953.0,13:50:37,14:23:05,1.0,,,,,,,
,12275789.0,7:25:56,8:03:33,1.0,,,,,,,
,12299259.0,11:34:31,12:26:06,1.0,,,,,,,
,12318987.0,8:04:30,8:20:32,1.0,,,,,,,
,12423265.0,11:10:06,11:48:45,1.0,,,,,,,
,12457268.0,5:37:47,5:54:16,1.0,,,,,,,
,12466882.0,6:45:01,7:40:48,1.0,,,,,,,
,12510040.0,8:22:28,9:14:37,1.0,,,,,,,
,12526243.0,6:06:30,7:00:17,1.0,,,,,,,
,12624638.0,9:37:05,10:09:30,1.0,,,,,,,
,12666951.0,9:02:27,9:47:00,1.0,,,,,,,
,12731674.0,9:13:48,9:42:23,1.0,,,,,,,
,12750516.0,8:14:57,9:16:16,1.0,,,,,,,
,12757156.0,12:00:09,12:22:43,1.0,,,,,,,
,12795195.0,20:48:31,21:59:02,1.0,,,,,,,
,12829518.0,11:08:08,11:47:32,1.0,,,,,,,
,12984104.0,5:09:40,6:29:56,1.0,,,,,,,
,13018135.0,7:01:38,8:12:07,1.0,,,,,,,
,13075437.0,7:05:40,8:46:21,1.0,,,,,,,
,13103610.0,8:31:45,8:56:02,1.0,,,,,,,
,13120576.0,15:46:50,16:24:59,1.0,,,,,,,
,13231814.0,7:54:04,8:23:00,1.0,,,,,,,
,13288613.0,8:50:29,9:15:52,1.0,,,,,,,
,13357384.0,12:22:50,12:39:15,1.0,,,,,,,
,13500258.0,8:17:46,8:44:40,1.0,,,,,,,
,13544415.0,9:02:56,9:22:56,1.0,,,,,,,
,13546523.0,14:32:37,15:05:46,1.0,,,,,,,
,13559769.0,7:25:10,7:58:18,1.0,,,,,,,
,13564564.0,9:39:59,10:39:04,1.0,,,,,,,
,13662204.0,8:30:05,8:54:28,1.0,,,,,,,
,13689979.0,7:20:07,8:21:03,1.0,,,,,,,
,13826496.0,14:14:34,14:55:40,1.0,,,,,,,
,13848335.0,14:28:47,15:19:47,1.0,,,,,,,
,13888187.0,14:49:51,15:41:10,1.0,,,,,,,
,14103774.0,12:39:28,13:30:42,1.0,,,,,,,
,14115952.0,10:28:35,11:13:09,1.0,,,,,,,
,14238290.0,18:24:31,18:54:20,1.0,,,,,,,
,14313955.0,7:14:02,8:03:52,1.0,,,,,,,
,14327721.0,7:41:01,8:09:49,1.0,,,,,,,
,14371816.0,7:41:19,8:23:18,1.0,,,,,,,
,14406668.0,7:35:28,8:16:27,1.0,,,,,,,
,14508574.0,18:10:31,18:50:30,1.0,,,,,,,
,14593544.0,7:51:26,8:13:33,1.0,,,,,,,
,14666682.0,12:47:25,13:21:25,1.0,,,,,,,
,14739236.0,8:47:14,9:16:49,1.0,,,,,,,
,14785883.0,7:57:37,8:35:43,1.0,,,,,,,
,14837445.0,14:42:58,15:47:03,1.0,,,,,,,
,14868409.0,8:33:14,8:51:18,1.0,,,,,,,
,14871152.0,9:41:21,10:22:14,1.0,,,,,,,
,14884281.0,7:46:32,8:38:41,1.0,,,,,,,
,14936179.0,6:44:59,7:11:02,1.0,,,,,,,
,14948581.0,8:15:19,8:53:45,1.0,,,,,,,
,15059110.0,14:38:49,15:09:28,1.0,,,,,,,
,15150013.0,13:40:33,13:58:10,1.0,,,,,,,
,15185636.0,7:41:48,8:43:43,1.0,,,,,,,
,15316211.0,8:01:12,8:42:33,1.0,,,,,,,
,15493019.0,7:55:02,8:18:54,1.0,,,,,,,
,15514726.0,10:10:48,11:03:19,1.0,,,,,,,
,15618887.0,7:02:41,7:33:55,1.0,,,,,,,
,15643903.0,7:54:26,8:36:33,1.0,,,,,,,
,15697904.0,15:49:10,16:11:46,1.0,,,,,,,
,15776550.0,12:55:31,13:56:38,1.0,,,,,,,
,15780138.0,7:24:49,8:00:26,1.0,,,,,,,
,15874479.0,15:28:27,15:57:31,1.0,,,,,,,
,15892355.0,19:31:42,20:01:21,1.0,,,,,,,
,16057206.0,12:56:31,13:16:57,1.0,,,,,,,
,16113763.0,9:43:12,10:34:56,1.0,,,,,,,
,16139640.0,8:16:16,8:41:19,1.0,,,,,,,
,16146793.0,7:36:49,8:18:23,1.0,,,,,,,
,16186114.0,18:48:20,19:03:46,1.0,,,,,,,
,16192590.0,7:01:28,7:25:07,1.0,,,,,,,
,16270839.0,6:39:48,7:02:15,1.0,,,,,,,
,16337865.0,7:46:09,22:12:36,1.0,,,,,,,
,16555195.0,9:09:53,10:27:18,1.0,,,,,,,
,16653926.0,8:18:52,9:08:31,1.0,,,,,,,
,16672241.0,21:28:35,21:54:48,1.0,,,,,,,
,16756337.0,8:29:18,8:45:52,1.0,,,,,,,
,16773189.0,10:04:11,10:52:00,1.0,,,,,,,
,16784167.0,6:44:23,7:58:05,1.0,,,,,,,
,16818802.0,21:20:09,21:36:56,1.0,,,,,,,
,16877587.0,8:04:56,8:51:14,1.0,,,,,,,
,16877602.0,16:13:43,16:54:52,1.0,,,,,,,
,16888675.0,18:35:24,19:19:47,1.0,,,,,,,
,16926196.0,7:56:40,8:37:34,1.0,,,,,,,
,16962190.0,20:48:30,22:05:11,1.0,,,,,,,
,17077903.0,8:10:10,9:03:32,1.0,,,,,,,
,17186217.0,7:50:26,8:23:03,1.0,,,,,,,
,17191030.0,13:08:46,13:38:41,1.0,,,,,,,
,17230083.0,7:29:39,8:18:58,1.0,,,,,,,
,17262913.0,8:27:09,8:56:23,1.0,,,,,,,
,17275988.0,18:08:40,18:30:22,1.0,,,,,,,
,17383455.0,8:46:14,9:17:28,1.0,,,,,,,
,17409220.0,14:41:59,15:05:26,1.0,,,,,,,
,17453235.0,7:32:17,8:06:44,1.0,,,,,,,
,17517318.0,16:34:38,17:33:01,1.0,,,,,,,
,17715257.0,20:24:12,21:00:43,1.0,,,,,,,
,17733683.0,6:13:29,6:48:28,1.0,,,,,,,
,17740213.0,8:23:15,8:50:33,1.0,,,,,,,
,17807470.0,10:11:04,10:55:52,1.0,,,,,,,
,17877882.0,13:22:26,14:12:03,1.0,,,,,,,
,17884173.0,9:13:52,10:11:10,1.0,,,,,,,
,17961069.0,18:15:19,18:31:24,1.0,,,,,,,
,17996628.0,6:16:47,7:12:35,1.0,,,,,,,
,18006734.0,7:29:24,19:45:24,1.0,,,,,,,
,18081233.0,7:23:50,7:51:46,1.0,,,,,,,
,18261815.0,12:57:25,13:49:30,1.0,,,,,,,
,18262542.0,7:05:04,8:23:35,1.0,,,,,,,
,18431220.0,10:40:46,10:57:00,1.0,,,,,,,
,18523328.0,7:33:39,8:05:14,1.0,,,,,,,
,18648519.0,8:08:03,9:06:37,1.0,,,,,,,
,18773649.0,6:03:19,6:46:43,1.0,,,,,,,
,18798067.0,7:54:09,8:33:08,1.0,,,,,,,
,18818450.0,7:04:42,8:37:12,1.0,,,,,,,
,18831949.0,6:09:32,6:45:55,1.0,,,,,,,
,18908088.0,9:52:59,10:17:20,1.0,,,,,,,
,18956771.0,21:10:38,22:04:21,1.0,,,,,,,
,19035820.0,6:52:25,7:24:51,1.0,,,,,,,
,19112243.0,6:37:19,7:29:55,1.0,,,,,,,
,19116410.0,18:56:25,19:51:48,1.0,,,,,,,
,19125413.0,17:03:23,17:30:17,1.0,,,,,,,
,19197338.0,12:20:38,12:51:50,1.0,,,,,,,
,19244871.0,7:40:01,8:18:37,1.0,,,,,,,
,19276167.0,18:21:47,18:50:44,1.0,,,,,,,
,19313297.0,7:46:32,8:03:33,1.0,,,,,,,
,19508099.0,8:27:20,9:26:52,1.0,,,,,,,
,19540655.0,6:58:05,7:37:57,1.0,,,,,,,
,19648617.0,7:33:14,7:51:41,1.0,,,,,,,
,19668358.0,8:25:23,8:43:35,1.0,,,,,,,
,19691166.0,8:55:55,9:23:40,1.0,,,,,,,
,19695776.0,8:27:37,9:00:05,1.0,,,,,,,
,19708075.0,8:12:05,8:51:28,1.0,,,,,,,
,19746567.0,8:32:52,9:04:49,1.0,,,,,,,
,19802380.0,7:46:16,8:06:55,1.0,,,,,,,
,19855874.0,8:48:18,9:48:33,1.0,,,,,,,
,19884553.0,9:13:05,9:53:54,1.0,,,,,,,
,19887616.0,8:10:51,8:48:26,1.0,,,,,,,
,19894434.0,13:11:10,13:31:32,1.0,,,,,,,
,19910241.0,20:34:57,21:13:47,1.0,,,,,,,
,19958544.0,9:08:07,9:33:20,1.0,,,,,,,
,20054979.0,8:14:38,9:13:00,1.0,,,,,,,
,20192862.0,14:14:30,14:36:08,1.0,,,,,,,
,20214216.0,21:07:47,21:29:15,1.0,,,,,,,
,20291588.0,8:00:54,8:32:02,1.0,,,,,,,
,20379681.0,11:13:24,11:57:43,1.0,,,,,,,
,20523085.0,8:33:46,8:53:25,1.0,,,,,,,
,20536558.0,7:39:55,8:14:56,1.0,,,,,,,
,20614185.0,8:16:39,9:20:37,1.0,,,,,,,
,20648116.0,6:44:53,7:35:11,1.0,,,,,,,
,20712376.0,8:05:22,8:37:39,1.0,,,,,,,
,20734293.0,18:11:52,18:30:38,1.0,,,,,,,
,20798688.0,7:55:32,8:43:01,1.0,,,,,,,
,20805080.0,6:29:00,6:45:03,1.0,,,,,,,
,20854029.0,9:13:23,9:39:11,1.0,,,,,,,
,20887834.0,7:02:49,7:30:18,1.0,,,,,,,
,20924029.0,6:58:39,8:13:38,1.0,,,,,,,
,20956489.0,8:29:14,8:59:03,1.0,,,,,,,
,21101797.0,14:30:21,15:08:05,1.0,,,,,,,
,21152100.0,16:04:34,16:49:09,1.0,,,,,,,
,21188881.0,8:29:28,8:59:10,1.0,,,,,,,
,21254860.0,8:45:24,9:12:33,1.0,,,,,,,
,21311220.0,7:19:26,7:34:27,1.0,,,,,,,
,21327797.0,8:06:43,8:25:58,1.0,,,,,,,
,21336232.0,7:33:27,8:22:11,1.0,,,,,,,
,21376808.0,10:37:45,11:16:47,1.0,,,,,,,
,21497601.0,10:34:08,11:42:23,1.0,,,,,,,
,21558838.0,7:20:21,7:45:41,1.0,,,,,,,
,21611327.0,7:41:29,8:16:06,1.0,,,,,,,
,21636345.0,7:23:49,8:29:55,1.0,,,,,,,
,21728948.0,9:16:30,9:44:03,1.0,,,,,,,
,21777038.0,8:17:52,8:42:11,1.0,,,,,,,
,21835714.0,8:27:48,8:47:34,1.0,,,,,,,
,21940672.0,14:28:18,14:57:00,1.0,,,,,,,
,21972592.0,7:00:10,7:23:05,1.0,,,,,,,
,22025517.0,13:21:21,14:15:59,1.0,,,,,,,
,22038634.0,7:53:50,8:29:54,1.0,,,,,,,
,22043606.0,19:23:22,19:48:59,1.0,,,,,,,
,22102696.0,8:46:18,9:07:09,1.0,,,,,,,
,22103076.0,8:31:20,8:49:46,1.0,,,,,,,
,22108676.0,8:00:54,8:54:17,1.0,,,,,,,
,22121439.0,6:02:23,6:21:39,1.0,,,,,,,
,22134298.0,6:38:55,7:43:47,1.0,,,,,,,
,22149576.0,8:19:12,8:58:49,1.0,,,,,,,
,22173017.0,7:29:22,8:24:50,1.0,,,,,,,
,22177257.0,8:26:53,8:57:16,1.0,,,,,,,
,22187479.0,15:48:52,16:45:53,1.0,,,,,,,
,22209929.0,6:26:52,6:45:45,1.0,,,,,,,
,22255644.0,10:48:16,11:39:03,1.0,,,,,,,
,22288907.0,7:09:56,8:06:49,1.0,,,,,,,
,22289260.0,8:27:36,9:08:46,1.0,,,,,,,
,22321527.0,17:36:23,17:59:16,1.0,,,,,,,
,22451086.0,7:31:45,8:03:09,1.0,,,,,,,
,22557150.0,7:40:26,8:26:59,1.0,,,,,,,
,22594425.0,8:13:31,8:53:23,1.0,,,,,,,
,22607200.0,6:40:29,21:08:00,1.0,,,,,,,
,22621563.0,7:11:01,7:49:42,1.0,,,,,,,
,22630224.0,10:01:04,10:29:55,1.0,,,,,,,
,22645997.0,13:39:29,14:04:32,1.0,,,,,,,
,22658879.0,15:53:43,16:25:42,1.0,,,,,,,
,22867631.0,12:07:28,12:24:32,1.0,,,,,,,
,22869577.0,7:31:41,8:17:40,1.0,,,,,,,
,22921412.0,7:39:53,8:01:32,1.0,,,,,,,
,23007788.0,14:09:43,14:36:40,1.0,,,,,,,
,23007944.0,8:34:57,8:54:19,1.0,,,,,,,
,23020868.0,6:54:06,7:17:05,1.0,,,,,,,
,23081112.0,8:22:48,8:51:40,1.0,,,,,,,
,23094833.0,7:40:16,8:25:35,1.0,,,,,,,
,23104943.0,7:19:53,7:51:43,1.0,,,,,,,
,23170744.0,7:37:39,8:22:28,1.0,,,,,,,
,23185779.0,12:51:55,13:45:41,1.0,,,,,,,
,23189800.0,7:59:14,8:28:31,1.0,,,,,,,
,23269823.0,7:07:09,7:40:30,1.0,,,,,,,
,23271982.0,20:39:22,21:03:47,1.0,,,,,,,
,23434241.0,8:36:21,9:16:18,1.0,,,,,,,
,23564269.0,17:15:15,18:24:19,1.0,,,,,,,
,23599887.0,17:17:49,18:54:10,1.0,,,,,,,
,23670051.0,13:22:14,13:57:50,1.0,,,,,,,
,23736534.0,22:50:02,23:21:49,1.0,,,,,,,
,24085031.0,8:04:18,8:56:44,1.0,,,,,,,
,24168243.0,8:24:16,8:49:45,1.0,,,,,,,
,24324767.0,8:58:20,9:49:21,1.0,,,,,,,
,24491165.0,18:10:03,18:32:41,1.0,,,,,,,
,24525127.0,6:21:33,6:46:58,1.0,,,,,,,
,24566577.0,7:40:41,8:57:58,1.0,,,,,,,
,24598604.0,16:20:23,17:02:10,1.0,,,,,,,
,24711270.0,11:16:00,11:52:31,1.0,,,,,,,
,24746438.0,8:38:38,9:07:54,1.0,,,,,,,
,24892727.0,7:17:40,8:03:12,1.0,,,,,,,
,24949706.0,8:04:39,8:25:11,1.0,,,,,,,
,24984706.0,8:22:42,8:38:37,1.0,,,,,,,
,24989880.0,18:03:11,18:23:22,1.0,,,,,,,
,25276960.0,7:43:26,8:07:21,1.0,,,,,,,
,25279139.0,8:15:42,8:50:34,1.0,,,,,,,
,25440213.0,18:52:27,19:19:56,1.0,,,,,,,
,25441375.0,17:38:50,18:15:41,1.0,,,,,,,
,25475119.0,8:15:23,8:36:02,1.0,,,,,,,
,25482881.0,7:53:07,8:27:24,1.0,,,,,,,
,25495882.0,15:18:09,15:49:35,1.0,,,,,,,
,25502491.0,6:18:19,6:46:31,1.0,,,,,,,
,25558119.0,9:12:50,9:48:54,1.0,,,,,,,
,25572684.0,7:34:57,8:15:43,1.0,,,,,,,
,25581895.0,22:50:30,23:25:41,1.0,,,,,,,
,25728459.0,20:38:55,21:04:39,1.0,,,,,,,
,25811085.0,21:03:09,21:52:13,1.0,,,,,,,
,25868333.0,7:49:13,8:23:48,1.0,,,,,,,
,25928067.0,13:32:27,14:00:56,1.0,,,,,,,
,25964098.0,5:09:31,5:53:38,1.0,,,,,,,
,25985220.0,7:34:25,8:05:15,1.0,,,,,,,
,26013881.0,8:30:45,9:40:17,1.0,,,,,,,
,26058597.0,13:25:25,14:04:23,1.0,,,,,,,
,26076492.0,18:13:58,18:43:23,1.0,,,,,,,
,26111370.0,6:17:16,7:04:37,1.0,,,,,,,
,26122731.0,7:51:07,8:46:17,1.0,,,,,,,
,26347150.0,9:18:08,11:10:32,1.0,,,,,,,
,26433168.0,9:36:57,10:09:56,1.0,,,,,,,
,26436799.0,18:07:26,18:26:53,1.0,,,,,,,
,26479526.0,8:13:50,8:58:56,1.0,,,,,,,
,26543519.0,8:22:12,8:56:07,1.0,,,,,,,
,26641343.0,9:24:51,10:42:34,1.0,,,,,,,
,26720144.0,7:19:01,7:38:43,1.0,,,,,,,
,26783629.0,7:03:30,7:44:38,1.0,,,,,,,
,26872883.0,11:11:30,11:31:49,1.0,,,,,,,
,26873733.0,19:36:29,20:50:47,1.0,,,,,,,
,26924523.0,21:19:58,21:42:26,1.0,,,,,,,
,27022960.0,14:43:24,15:27:59,1.0,,,,,,,
,27121830.0,8:09:48,8:51:37,1.0,,,,,,,
,27141936.0,8:49:45,9:10:28,1.0,,,,,,,
,27158570.0,8:15:13,8:53:34,1.0,,,,,,,
,27181818.0,10:32:34,10:47:52,1.0,,,,,,,
,27193465.0,8:00:29,8:21:46,1.0,,,,,,,
,27278249.0,8:42:12,8:57:59,1.0,,,,,,,
,27304609.0,7:44:42,8:32:18,1.0,,,,,,,
,27322792.0,18:08:58,18:27:06,1.0,,,,,,,
,27344771.0,10:40:33,11:11:38,1.0,,,,,,,
,27417663.0,8:37:52,9:45:06,1.0,,,,,,,
,27659654.0,21:50:48,22:27:00,1.0,,,,,,,
,27775305.0,11:53:18,12:17:59,1.0,,,,,,,
,27853349.0,12:10:09,13:14:37,1.0,,,,,,,
,27854798.0,10:56:48,11:15:36,1.0,,,,,,,
,27867113.0,6:09:58,7:09:31,1.0,,,,,,,
,28064005.0,9:12:26,9:47:39,1.0,,,,,,,
,28302819.0,10:01:14,11:13:08,1.0,,,,,,,
,28305251.0,15:07:30,15:27:15,1.0,,,,,,,
,28332296.0,7:56:05,9:02:12,1.0,,,,,,,
,28535381.0,6:16:58,6:34:04,1.0,,,,,,,
,28541251.0,7:42:09,8:44:00,1.0,,,,,,,
,28547766.0,10:08:51,10:30:21,1.0,,,,,,,
,28552109.0,7:48:01,8:11:01,1.0,,,,,,,
,28616546.0,7:53:18,8:08:22,1.0,,,,,,,
,28667616.0,9:33:53,11:20:50,1.0,,,,,,,
,28700101.0,18:42:37,19:33:40,1.0,,,,,,,
,28773992.0,7:15:20,7:58:36,1.0,,,,,,,
,28831282.0,6:18:38,7:46:06,1.0,,,,,,,
,28864608.0,8:47:55,9:18:09,1.0,,,,,,,
,28920571.0,9:06:40,9:33:35,1.0,,,,,,,
,28942720.0,8:11:43,9:21:56,1.0,,,,,,,
,29087253.0,7:46:19,8:33:58,1.0,,,,,,,
,29124668.0,6:09:06,6:36:28,1.0,,,,,,,
,29126084.0,13:52:23,14:10:14,1.0,,,,,,,
,29154213.0,10:02:55,10:36:45,1.0,,,,,,,
,29330247.0,7:07:29,8:02:59,1.0,,,,,,,
,29361716.0,9:39:42,10:03:00,1.0,,,,,,,
,29430033.0,14:34:43,15:14:11,1.0,,,,,,,
,29434378.0,13:38:49,14:23:41,1.0,,,,,,,
,29525948.0,8:31:27,9:13:36,1.0,,,,,,,
,29580437.0,8:37:54,9:02:28,1.0,,,,,,,
,29606886.0,7:54:11,8:36:54,1.0,,,,,,,
,29640077.0,8:24:26,9:02:43,1.0,,,,,,,
,29652402.0,8:02:52,8:39:28,1.0,,,,,,,
,29688272.0,9:01:48,9:33:36,1.0,,,,,,,
,29872733.0,8:03:44,8:32:09,1.0,,,,,,,
,29877514.0,8:49:20,9:21:54,1.0,,,,,,,
,30004191.0,6:53:26,7:44:47,1.0,,,,,,,
,30047377.0,6:08:26,6:24:41,1.0,,,,,,,
,30065178.0,10:35:39,11:09:06,1.0,,,,,,,
,30067840.0,9:53:39,10:18:21,1.0,,,,,,,
,30251718.0,12:54:58,13:48:26,1.0,,,,,,,
,30455764.0,9:49:30,10:22:35,1.0,,,,,,,
,30488797.0,8:21:08,8:40:13,1.0,,,,,,,
,30507697.0,16:58:08,17:23:59,1.0,,,,,,,
,30535622.0,7:51:08,8:19:55,1.0,,,,,,,
,30639212.0,8:44:58,9:06:48,1.0,,,,,,,
,30639320.0,8:40:31,9:02:19,1.0,,,,,,,
,30668175.0,17:59:48,18:58:58,1.0,,,,,,,
,30686644.0,15:38:21,16:51:02,1.0,,,,,,,
,30768907.0,6:20:05,7:12:16,1.0,,,,,,,
,30802876.0,8:13:46,8:35:17,1.0,,,,,,,
,30882509.0,18:10:43,18:52:20,1.0,,,,,,,
,31014305.0,7:43:09,8:38:34,1.0,,,,,,,
,31045349.0,10:09:04,11:31:28,1.0,,,,,,,
,31083036.0,9:19:03,10:53:46,1.0,,,,,,,
,31168469.0,11:00:15,11:53:20,1.0,,,,,,,
,31238672.0,5:08:31,5:36:36,1.0,,,,,,,
,31282122.0,9:35:31,10:20:03,1.0,,,,,,,
,31317669.0,14:00:27,14:16:17,1.0,,,,,,,
,31355663.0,15:41:08,16:24:30,1.0,,,,,,,
,31413920.0,18:21:40,18:46:02,1.0,,,,,,,
,31459468.0,8:03:18,8:38:37,1.0,,,,,,,
,31467078.0,7:33:34,7:50:22,1.0,,,,,,,
,,,,,,,,,,,
,,,,,,,,,,,
,,,,,,,,,,,
,,,,,,,,,,,
,,,,,,,,,,,
,,,,,,,,,,,
,,,,,,,,,,,
,,,,,,,,,,,
,,,,,,,,,,,
,,,,,,,,,,,
,,,,,,,,,,,
,,,,,,,,,,,
,,,,,,,,,,,
,,,,,,,,,,,
,,,,,,,,,,,
,,,,,,,,,,,
,,,,,,,,,,,
,,,,,,,,,,,
,,,,,,,,,,,
,,,,,,,,,,,
,,,,,,,,,,,
,,,,,,,,,,,
,,,,,,,,,,,
,,,,,,,,,,,
,,,,,,,,,,,
,,,,,,,,,,,
,,,,,,,,,,,
,,,,,,,,,,,
,,,,,,,,,,,
,,,,,,,,,,,
,,,,,,,,,,,
,,,,,,,,,,,
,,,,,,,,,,,
,,,,,,,,,,,
,,,,,,,,,,,
,,,,,,,,,,,
,,,,,,,,,,,
,,,,,,,,,,,
,,,,,,,,,,,
,,,,,,,,,,,
,,,,,,,,,,,
,,,,,,,,,,,
,,,,,,,,,,,
,,,,,,,,,,,
,,,,,,,,,,,
,,,,,,,,,,,
,,,,,,,,,,,
,,,,,,,,,,,
,,,,,,,,,,,
,,,,,,,,,,,
,,,,,,,,,,,
,,,,,,,,,,,
,,,,,,,,,,,
,,,,,,,,,,,
,,,,,,,,,,,
,,,,,,,,,,,
,,,,,,,,,,,
,,,,,,,,,,,
,,,,,,,,,,,
,,,,,,,,,,,
,,,,,,,,,,,
,,,,,,,,,,,
,,,,,,,,,,,
,,,,,,,,,,,
,,,,,,,,,,,
,,,,,,,,,,,
,,,,,,,,,,,
,,,,,,,,,,,
,,,,,,,,,,,
,,,,,,,,,,,
,,,,,,,,,,,
,,,,,,,,,,,
,,,,,,,,,,,
,,,,,,,,,,,
,,,,,,,,,,,
,,,,,,,,,,,
,,,,,,,,,,,
,,,,,,,,,,,
,,,,,,,,,,,
,,,,,,,,,,,
,,,,,,,,,,,
,,,,,,,,,,,
,,,,,,,,,,,
,,,,,,,,,,,
,,,,,,,,,,,
,,,,,,,,,,,
,,,,,,,,,,,
,,,,,,,,,,,
,,,,,,,,,,,
,,,,,,,,,,,
,,,,,,,,,,,
,,,,,,,,,,,
,,,,,,,,,,,
,,,,,,,,,,,
,,,,,,,,,,,
,,,,,,,,,,,
,,,,,,,,,,,
,,,,,,,,,,,
,,,,,,,,,,,
,,,,,,,,,,,
,,,,,,,,,,,
,,,,,,,,,,,
,,,,,,,,,,,
,,,,,,,,,,,
,,,,,,,,,,,
,,,,,,,,,,,
,,,,,,,,,,,
,,,,,,,,,,,
,,,,,,,,,,,
,,,,,,,,,,,
,,,,,,,,,,,
,,,,,,,,,,,
,,,,,,,,,,,
,,,,,,,,,,,
,,,,,,,,,,,
,,,,,,,,,,,
,,,,,,,,,,,
,,,,,,,,,,,
,,,,,,,,,,,
,,,,,,,,,,,
,,,,,,,,,,,
,,,,,,,,,,,
,,,,,,,,,,,
,,,,,,,,,,,
,,,,,,,,,,,
,,,,,,,,,,,
,,,,,,,,,,,
,,,,,,,,,,,
,,,,,,,,,,,
,,,,,,,,,,,
,,,,,,,,,,,
,,,,,,,,,,,
,,,,,,,,,,,
,,,,,,,,,,,
,,,,,,,,,,,
,,,,,,,,,,,
,,,,,,,,,,,
,,,,,,,,,,,
,,,,,,,,,,,
,,,,,,,,,,,
,,,,,,,,,,,
,,,,,,,,,,,
,,,,,,,,,,,
,,,,,,,,,,,
,,,,,,,,,,,
,,,,,,,,,,,
,,,,,,,,,,,
,,,,,,,,,,,
,,,,,,,,,,,
,,,,,,,,,,,
,,,,,,,,,,,
,,,,,,,,,,,
,,,,,,,,,,,
,,,,,,,,,,,
,,,,,,,,,,,
,,,,,,,,,,,
,,,,,,,,,,,
,,,,,,,,,,,
,,,,,,,,,,,
,,,,,,,,,,,
,,,,,,,,,,,
,,,,,,,,,,,
,,,,,,,,,,,
,,,,,,,,,,,
,,,,,,,,,,,
,,,,,,,,,,,
,,,,,,,,,,,
,,,,,,,,,,,
,,,,,,,,,,,
,,,,,,,,,,,
,,,,,,,,,,,
,,,,,,,,,,,
,,,,,,,,,,,
,,,,,,,,,,,
,,,,,,,,,,,
,,,,,,,,,,,
,,,,,,,,,,,
,,,,,,,,,,,
,,,,,,,,,,,
,,,,,,,,,,,
,,,,,,,,,,,
,,,,,,,,,,,
,,,,,,,,,,,
,,,,,,,,,,,
,,,,,,,,,,,
,,,,,,,,,,,
,,,,,,,,,,,
,,,,,,,,,,,
,,,,,,,,,,,
,,,,,,,,,,,
,,,,,,,,,,,
,,,,,,,,,,,
,,,,,,,,,,,
,,,,,,,,,,,
,,,,,,,,,,,
,,,,,,,,,,,
,,,,,,,,,,,
,,,,,,,,,,,
,,,,,,,,,,,
,,,,,,,,,,,
,,,,,,,,,,,
,,,,,,,,,,,
,,,,,,,,,,,
,,,,,,,,,,,
,,,,,,,,,,,
,,,,,,,,,,,
,,,,,,,,,,,
,,,,,,,,,,,
,,,,,,,,,,,
,,,,,,,,,,,
,,,,,,,,,,,
,,,,,,,,,,,
,,,,,,,,,,,
,,,,,,,,,,,
,,,,,,,,,,,
,,,,,,,,,,,
,,,,,,,,,,,
,,,,,,,,,,,
,,,,,,,,,,,
,,,,,,,,,,,
,,,,,,,,,,,
,,,,,,,,,,,
,,,,,,,,,,,
,,,,,,,,,,,
,,,,,,,,,,,
,,,,,,,,,,,
,,,,,,,,,,,
,,,,,,,,,,,
,,,,,,,,,,,
,,,,,,,,,,,
,,,,,,,,,,,
,,,,,,,,,,,
,,,,,,,,,,,
,,,,,,,,,,,
,,,,,,,,,,,
,,,,,,,,,,,
,,,,,,,,,,,
,,,,,,,,,,,
,,,,,,,,,,,
,,,,,,,,,,,
,,,,,,,,,,,
,,,,,,,,,,,
,,,,,,,,,,,
,,,,,,,,,,,
,,,,,,,,,,,
,,,,,,,,,,,
,,,,,,,,,,,
,,,,,,,,,,,
,,,,,,,,,,,
,,,,,,,,,,,
,,,,,,,,,,,
,,,,,,,,,,,
,,,,,,,,,,,
,,,,,,,,,,,
,,,,,,,,,,,
,,,,,,,,,,,
,,,,,,,,,,,
,,,,,,,,,,,
,,,,,,,,,,,
,,,,,,,,,,,
,,,,,,,,,,,
,,,,,,,,,,,
,,,,,,,,,,,
,,,,,,,,,,,
,,,,,,,,,,,
,,,,,,,,,,,
,,,,,,,,,,,
,,,,,,,,,,,
,,,,,,,,,,,
,,,,,,,,,,,
,,,,,,,,,,,
,,,,,,,,,,,
,,,,,,,,,,,
,,,,,,,,,,,
,,,,,,,,,,,
,,,,,,,,,,,
,,,,,,,,,,,
,,,,,,,,,,,
,,,,,,,,,,,
,,,,,,,,,,,
,,,,,,,,,,,
,,,,,,,,,,,
,,,,,,,,,,,
,,,,,,,,,,,
,,,,,,,,,,,
,,,,,,,,,,,
,,,,,,,,,,,
,,,,,,,,,,,
,,,,,,,,,,,
,,,,,,,,,,,
,,,,,,,,,,,
,,,,,,,,,,,
,,,,,,,,,,,
,,,,,,,,,,,
,,,,,,,,,,,
,,,,,,,,,,,
,,,,,,,,,,,
,,,,,,,,,,,
,,,,,,,,,,,
,,,,,,,,,,,
,,,,,,,,,,,
,,,,,,,,,,,
,,,,,,,,,,,
,,,,,,,,,,,
,,,,,,,,,,,
,,,,,,,,,,,
,,,,,,,,,,,
,,,,,,,,,,,
,,,,,,,,,,,
,,,,,,,,,,,
,,,,,,,,,,,
,,,,,,,,,,,
,,,,,,,,,,,
,,,,,,,,,,,
,,,,,,,,,,,
,,,,,,,,,,,
,,,,,,,,,,,
,,,,,,,,,,,
,,,,,,,,,,,
,,,,,,,,,,,
,,,,,,,,,,,
,,,,,,,,,,,
,,,,,,,,,,,
,,,,,,,,,,,
,,,,,,,,,,,
,,,,,,,,,,,
,,,,,,,,,,,
,,,,,,,,,,,
,,,,,,,,,,,
,,,,,,,,,,,
,,,,,,,,,,,
,,,,,,,,,,,
,,,,,,,,,,,
,,,,,,,,,,,
,,,,,,,,,,,
,,,,,,,,,,,
,,,,,,,,,,,
,,,,,,,,,,,
,,,,,,,,,,,
,,,,,,,,,,,
,,,,,,,,,,,
,,,,,,,,,,,
,,,,,,,,,,,
,,,,,,,,,,,
,,,,,,,,,,,
,,,,,,,,,,,
,,,,,,,,,,,
,,,,,,,,,,,
,,,,,,,,,,,
,,,,,,,,,,,
,,,,,,,,,,,
,,,,,,,,,,,
,,,,,,,,,,,
,,,,,,,,,,,
,,,,,,,,,,,
,,,,,,,,,,,
,,,,,,,,,,,
,,,,,,,,,,,
,,,,,,,,,,,
,,,,,,,,,,,
,,,,,,,,,,,
,,,,,,,,,,,
,,,,,,,,,,,
,,,,,,,,,,,
,,,,,,,,,,,
,,,,,,,,,,,
,,,,,,,,,,,
,,,,,,,,,,,
,,,,,,,,,,,
,,,,,,,,,,,
,,,,,,,,,,,
,,,,,,,,,,,
,,,,,,,,,,,
,,,,,,,,,,,
,,,,,,,,,,,
,,,,,,,,,,,
,,,,,,,,,,,
,,,,,,,,,,,
,,,,,,,,,,,
,,,,,,,,,,,
,,,,,,,,,,,
,,,,,,,,,,,
,,,,,,,,,,,
,,,,,,,,,,,
,,,,,,,,,,,
,,,,,,,,,,,
,,,,,,,,,,,
,,,,,,,,,,,
,,,,,,,,,,,
,,,,,,,,,,,
,,,,,,,,,,,
,,,,,,,,,,,
,,,,,,,,,,,
,,,,,,,,,,,
,,,,,,,,,,,
,,,,,,,,,,,
,,,,,,,,,,,
,,,,,,,,,,,
,,,,,,,,,,,
,,,,,,,,,,,
,,,,,,,,,,,
,,,,,,,,,,,
,,,,,,,,,,,
,,,,,,,,,,,
,,,,,,,,,,,
,,,,,,,,,,,
,,,,,,,,,,,
,,,,,,,,,,,
,,,,,,,,,,,
,,,,,,,,,,,
,,,,,,,,,,,
,,,,,,,,,,,
,,,,,,,,,,,
,,,,,,,,,,,
,,,,,,,,,,,
,,,,,,,,,,,
,,,,,,,,,,,
,,,,,,,,,,,
,,,,,,,,,,,
,,,,,,,,,,,
,,,,,,,,,,,
,,,,,,,,,,,
,,,,,,,,,,,
,,,,,,,,,,,
,,,,,,,,,,,
,,,,,,,,,,,
,,,,,,,,,,,
,,,,,,,,,,,
,,,,,,,,,,,
,,,,,,,,,,,
,,,,,,,,,,,
,,,,,,,,,,,
,,,,,,,,,,,
,,,,,,,,,,,
,,,,,,,,,,,
,,,,,,,,,,,
,,,,,,,,,,,
,,,,,,,,,,,
,,,,,,,,,,,
,,,,,,,,,,,
,,,,,,,,,,,
,,,,,,,,,,,
,,,,,,,,,,,
,,,,,,,,,,,
,,,,,,,,,,,
,,,,,,,,,,,
,,,,,,,,,,,
,,,,,,,,,,,
,,,,,,,,,,,
,,,,,,,,,,,
,,,,,,,,,,,
,,,,,,,,,,,
,,,,,,,,,,,
,,,,,,,,,,,
,,,,,,,,,,,
,,,,,,,,,,,
,,,,,,,,,,,
,,,,,,,,,,,
,,,,,,,,,,,
,,,,,,,,,,,
,,,,,,,,,,,
,,,,,,,,,,,
,,,,,,,,,,,
,,,,,,,,,,,
,,,,,,,,,,,
,,,,,,,,,,,
,,,,,,,,,,,
,,,,,,,,,,,
,,,,,,,,,,,
,,,,,,,,,,,
,,,,,,,,,,,
,,,,,,,,,,,
,,,,,,,,,,,
,,,,,,,,,,,
,,,,,,,,,,,
,,,,,,,,,,,
,,,,,,,,,,,
,,,,,,,,,,,
,,,,,,,,,,,
,,,,,,,,,,,
,,,,,,,,,,,
,,,,,,,,,,,
,,,,,,,,,,,
,,,,,,,,,,,
,,,,,,,,,,,
,,,,,,,,,,,
,,,,,,,,,,,
,,,,,,,,,,,
,,,,,,,,,,,
,,,,,,,,,,,
,,,,,,,,,,,
,,,,,,,,,,,
,,,,,,,,,,,
,,,,,,,,,,,
,,,,,,,,,,,
,,,,,,,,,,,
,,,,,,,,,,,
,,,,,,,,,,,
,,,,,,,,,,,
,,,,,,,,,,,
,,,,,,,,,,,
,,,,,,,,,,,
,,,,,,,,,,,
,,,,,,,,,,,
,,,,,,,,,,,
,,,,,,,,,,,
,,,,,,,,,,,
,,,,,,,,,,,
,,,,,,,,,,,
,,,,,,,,,,,
,,,,,,,,,,,
,,,,,,,,,,,
,,,,,,,,,,,
,,,,,,,,,,,
,,,,,,,,,,,
,,,,,,,,,,,
,,,,,,,,,,,
,,,,,,,,,,,
,,,,,,,,,,,
,,,,,,,,,,,
,,,,,,,,,,,
,,,,,,,,,,,
,,,,,,,,,,,
,,,,,,,,,,,
,,,,,,,,,,,
,,,,,,,,,,,
,,,,,,,,,,,
,,,,,,,,,,,
,,,,,,,,,,,
,,,,,,,,,,,
,,,,,,,,,,,
,,,,,,,,,,,
,,,,,,,,,,,
,,,,,,,,,,,
,,,,,,,,,,,
,,,,,,,,,,,
,,,,,,,,,,,
,,,,,,,,,,,
,,,,,,,,,,,
,,,,,,,,,,,
,,,,,,,,,,,
,,,,,,,,,,,
,,,,,,,,,,,
,,,,,,,,,,,
,,,,,,,,,,,
,,,,,,,,,,,
,,,,,,,,,,,
,,,,,,,,,,,
,,,,,,,,,,,
,,,,,,,,,,,
,,,,,,,,,,,
,,,,,,,,,,,
,,,,,,,,,,,
,,,,,,,,,,,
,,,,,,,,,,,
,,,,,,,,,,,
,,,,,,,,,,,
,,,,,,,,,,,
,,,,,,,,,,,
,,,,,,,,,,,
,,,,,,,,,,,
,,,,,,,,,,,
,,,,,,,,,,,
,,,,,,,,,,,
,,,,,,,,,,,
,,,,,,,,,,,
,,,,,,,,,,,
,,,,,,,,,,,
,,,,,,,,,,,
,,,,,,,,,,,
,,,,,,,,,,,
,,,,,,,,,,,
,,,,,,,,,,,
,,,,,,,,,,,
,,,,,,,,,,,
,,,,,,,,,,,
,,,,,,,,,,,
,,,,,,,,,,,
,,,,,,,,,,,
,,,,,,,,,,,
,,,,,,,,,,,
,,,,,,,,,,,
,,,,,,,,,,,
,,,,,,,,,,,
,,,,,,,,,,,
,,,,,,,,,,,
,,,,,,,,,,,
,,,,,,,,,,,
,,,,,,,,,,,
,,,,,,,,,,,
,,,,,,,,,,,
,,,,,,,,,,,
,,,,,,,,,,,
,,,,,,,,,,,
,,,,,,,,,,,
,,,,,,,,,,,
,,,,,,,,,,,
,,,,,,,,,,,
,,,,,,,,,,,
,,,,,,,,,,,
,,,,,,,,,,,
,,,,,,,,,,,
,,,,,,,,,,,
,,,,,,,,,,,
,,,,,,,,,,,
,,,,,,,,,,,
,,,,,,,,,,,
,,,,,,,,,,,
,,,,,,,,,,,
,,,,,,,,,,,
,,,,,,,,,,,
,,,,,,,,,,,
,,,,,,,,,,,
,,,,,,,,,,,
,,,,,,,,,,,
,,,,,,,,,,,
,,,,,,,,,,,
,,,,,,,,,,,
,,,,,,,,,,,
,,,,,,,,,,,
,,,,,,,,,,,
,,,,,,,,,,,
,,,,,,,,,,,
,,,,,,,,,,,
,,,,,,,,,,,
,,,,,,,,,,,
,,,,,,,,,,,
,,,,,,,,,,,
,,,,,,,,,,,
,,,,,,,,,,,
,,,,,,,,,,,
,,,,,,,,,,,
,,,,,,,,,,,
,,,,,,,,,,,
,,,,,,,,,,,
,,,,,,,,,,,
,,,,,,,,,,,
,,,,,,,,,,,
,,,,,,,,,,,
,,,,,,,,,,,
,,,,,,,,,,,
,,,,,,,,,,,
,,,,,,,,,,,
,,,,,,,,,,,
,,,,,,,,,,,
,,,,,,,,,,,
,,,,,,,,,,,
,,,,,,,,,,,
,,,,,,,,,,,
,,,,,,,,,,,
,,,,,,,,,,,
,,,,,,,,,,,
,,,,,,,,,,,
,,,,,,,,,,,
,,,,,,,,,,,
,,,,,,,,,,,
,,,,,,,,,,,
,,,,,,,,,,,
,,,,,,,,,,,
,,,,,,,,,,,
,,,,,,,,,,,
,,,,,,,,,,,
,,,,,,,,,,,
,,,,,,,,,,,
,,,,,,,,,,,
,,,,,,,,,,,
,,,,,,,,,,,
,,,,,,,,,,,
,,,,,,,,,,,
,,,,,,,,,,,
,,,,,,,,,,,
,,,,,,,,,,,
,,,,,,,,,,,
,,,,,,,,,,,
,,,,,,,,,,,
,,,,,,,,,,,
,,,,,,,,,,,
,,,,,,,,,,,
,,,,,,,,,,,
,,,,,,,,,,,
,,,,,,,,,,,
,,,,,,,,,,,
,,,,,,,,,,,
,,,,,,,,,,,
,,,,,,,,,,,
,,,,,,,,,,,
,,,,,,,,,,,
,,,,,,,,,,,
,,,,,,,,,,,
,,,,,,,,,,,
,,,,,,,,,,,
,,,,,,,,,,,
,,,,,,,,,,,
,,,,,,,,,,,
,,,,,,,,,,,
,,,,,,,,,,,
,,,,,,,,,,,
,,,,,,,,,,,
,,,,,,,,,,,
,,,,,,,,,,,
,,,,,,,,,,,
,,,,,,,,,,,
,,,,,,,,,,,
,,,,,,,,,,,
,,,,,,,,,,,
,,,,,,,,,,,
,,,,,,,,,,,
,,,,,,,,,,,
,,,,,,,,,,,
,,,,,,,,,,,
,,,,,,,,,,,
,,,,,,,,,,,
,,,,,,,,,,,
,,,,,,,,,,,
,,,,,,,,,,,
,,,,,,,,,,,
,,,,,,,,,,,
,,,,,,,,,,,
,,,,,,,,,,,
,,,,,,,,,,,
,,,,,,,,,,,
,,,,,,,,,,,
,,,,,,,,,,,
,,,,,,,,,,,
,,,,,,,,,,,
,,,,,,,,,,,
,,,,,,,,,,,
,,,,,,,,,,,
,,,,,,,,,,,
,,,,,,,,,,,
,,,,,,,,,,,
,,,,,,,,,,,
,,,,,,,,,,,
,,,,,,,,,,,
,,,,,,,,,,,
,,,,,,,,,,,
,,,,,,,,,,,
,,,,,,,,,,,
,,,,,,,,,,,
,,,,,,,,,,,
,,,,,,,,,,,
,,,,,,,,,,,
,,,,,,,,,,,
,,,,,,,,,,,
,,,,,,,,,,,
,,,,,,,,,,,
,,,,,,,,,,,
,,,,,,,,,,,
,,,,,,,,,,,
,,,,,,,,,,,
,,,,,,,,,,,
,,,,,,,,,,,
,,,,,,,,,,,
,,,,,,,,,,,
,,,,,,,,,,,
,,,,,,,,,,,
,,,,,,,,,,,
,,,,,,,,,,,
,,,,,,,,,,,
,,,,,,,,,,,
,,,,,,,,,,,
,,,,,,,,,,,
,,,,,,,,,,,
,,,,,,,,,,,
,,,,,,,,,,,
,,,,,,,,,,,
,,,,,,,,,,,
,,,,,,,,,,,
,,,,,,,,,,,
,,,,,,,,,,,
,,,,,,,,,,,
,,,,,,,,,,,
,,,,,,,,,,,
,,,,,,,,,,,
,,,,,,,,,,,
,,,,,,,,,,,
,,,,,,,,,,,
,,,,,,,,,,,
,,,,,,,,,,,
,,,,,,,,,,,
,,,,,,,,,,,
,,,,,,,,,,,
,,,,,,,,,,,
,,,,,,,,,,,
,,,,,,,,,,,
,,,,,,,,,,,
,,,,,,,,,,,
,,,,,,,,,,,
,,,,,,,,,,,
,,,,,,,,,,,
,,,,,,,,,,,
,,,,,,,,,,,
,,,,,,,,,,,
,,,,,,,,,,,
,,,,,,,,,,,
,,,,,,,,,,,
,,,,,,,,,,,
,,,,,,,,,,,
,,,,,,,,,,,
,,,,,,,,,,,
,,,,,,,,,,,
,,,,,,,,,,,
,,,,,,,,,,,
,,,,,,,,,,,
,,,,,,,,,,,
,,,,,,,,,,,
,,,,,,,,,,,
,,,,,,,,,,,
,,,,,,,,,,,
,,,,,,,,,,,
,,,,,,,,,,,
,,,,,,,,,,,
,,,,,,,,,,,
,,,,,,,,,,,
,,,,,,,,,,,
,,,,,,,,,,,
,,,,,,,,,,,
,,,,,,,,,,,
,,,,,,,,,,,
,,,,,,,,,,,
,,,,,,,,,,,
,,,,,,,,,,,
,,,,,,,,,,,
,,,,,,,,,,,
,,,,,,,,,,,
,,,,,,,,,,,
,,,,,,,,,,,
,,,,,,,,,,,
,,,,,,,,,,,
,,,,,,,,,,,
,,,,,,,,,,,
,,,,,,,,,,,
,,,,,,,,,,,
,,,,,,,,,,,
,,,,,,,,,,,
,,,,,,,,,,,
,,,,,,,,,,,
,,,,,,,,,,,
,,,,,,,,,,,
,,,,,,,,,,,
,,,,,,,,,,,
,,,,,,,,,,,
,,,,,,,,,,,
,,,,,,,,,,,
,,,,,,,,,,,
,,,,,,,,,,,
,,,,,,,,,,,
,,,,,,,,,,,
,,,,,,,,,,,
,,,,,,,,,,,
,,,,,,,,,,,
,,,,,,,,,,,
,,,,,,,,,,,
,,,,,,,,,,,
,,,,,,,,,,,
,,,,,,,,,,,
,,,,,,,,,,,
,,,,,,,,,,,
,,,,,,,,,,,
,,,,,,,,,,,
,,,,,,,,,,,
,,,,,,,,,,,
,,,,,,,,,,,
,,,,,,,,,,,
,,,,,,,,,,,
,,,,,,,,,,,
,,,,,,,,,,,
,,,,,,,,,,,
,,,,,,,,,,,
,,,,,,,,,,,
,,,,,,,,,,,
,,,,,,,,,,,
,,,,,,,,,,,
,,,,,,,,,,,
,,,,,,,,,,,
,,,,,,,,,,,
,,,,,,,,,,,
,,,,,,,,,,,
,,,,,,,,,,,
,,,,,,,,,,,
,,,,,,,,,,,
,,,,,,,,,,,
,,,,,,,,,,,
,,,,,,,,,,,
,,,,,,,,,,,
,,,,,,,,,,,
,,,,,,,,,,,
,,,,,,,,,,,
,,,,,,,,,,,
,,,,,,,,,,,
,,,,,,,,,,,
,,,,,,,,,,,
,,,,,,,,,,,
,,,,,,,,,,,
,,,,,,,,,,,
,,,,,,,,,,,
,,,,,,,,,,,
,,,,,,,,,,,
,,,,,,,,,,,
,,,,,,,,,,,
,,,,,,,,,,,
,,,,,,,,,,,
,,,,,,,,,,,
,,,,,,,,,,,
,,,,,,,,,,,
,,,,,,,,,,,
,,,,,,,,,,,
,,,,,,,,,,,
,,,,,,,,,,,
,,,,,,,,,,,
,,,,,,,,,,,
,,,,,,,,,,,
,,,,,,,,,,,
,,,,,,,,,,,
,,,,,,,,,,,
,,,,,,,,,,,
,,,,,,,,,,,
,,,,,,,,,,,
,,,,,,,,,,,
,,,,,,,,,,,
,,,,,,,,,,,
,,,,,,,,,,,
,,,,,,,,,,,
,,,,,,,,,,,
,,,,,,,,,,,
,,,,,,,,,,,
,,,,,,,,,,,
,,,,,,,,,,,
,,,,,,,,,,,
,,,,,,,,,,,
,,,,,,,,,,,
,,,,,,,,,,,
,,,,,,,,,,,
,,,,,,,,,,,
,,,,,,,,,,,
,,,,,,,,,,,
,,,,,,,,,,,
,,,,,,,,,,,
,,,,,,,,,,,
,,,,,,,,,,,
,,,,,,,,,,,
,,,,,,,,,,,
,,,,,,,,,,,
,,,,,,,,,,,
,,,,,,,,,,,
,,,,,,,,,,,
,,,,,,,,,,,
,,,,,,,,,,,
,,,,,,,,,,,
,,,,,,,,,,,
,,,,,,,,,,,
,,,,,,,,,,,
,,,,,,,,,,,
,,,,,,,,,,,
,,,,,,,,,,,
,,,,,,,,,,,
,,,,,,,,,,,
,,,,,,,,,,,
,,,,,,,,,,,
,,,,,,,,,,,
,,,,,,,,,,,
,,,,,,,,,,,
,,,,,,,,,,,
,,,,,,,,,,,
,,,,,,,,,,,
,,,,,,,,,,,
,,,,,,,,,,,
,,,,,,,,,,,
,,,,,,,,,,,
,,,,,,,,,,,
,,,,,,,,,,,
,,,,,,,,,,,
,,,,,,,,,,,
,,,,,,,,,,,
,,,,,,,,,,,
,,,,,,,,,,,
,,,,,,,,,,,
,,,,,,,,,,,
,,,,,,,,,,,
,,,,,,,,,,,
,,,,,,,,,,,
,,,,,,,,,,,
,,,,,,,,,,,
,,,,,,,,,,,
,,,,,,,,,,,
,,,,,,,,,,,
,,,,,,,,,,,
,,,,,,,,,,,
,,,,,,,,,,,
,,,,,,,,,,,
,,,,,,,,,,,
,,,,,,,,,,,
,,,,,,,,,,,
,,,,,,,,,,,
,,,,,,,,,,,
,,,,,,,,,,,
,,,,,,,,,,,
,,,,,,,,,,,
,,,,,,,,,,,
,,,,,,,,,,,
,,,,,,,,,,,
,,,,,,,,,,,
,,,,,,,,,,,
,,,,,,,,,,,
,,,,,,,,,,,
,,,,,,,,,,,
,,,,,,,,,,,
,,,,,,,,,,,
,,,,,,,,,,,
,,,,,,,,,,,
,,,,,,,,,,,
,,,,,,,,,,,
,,,,,,,,,,,
,,,,,,,,,,,
,,,,,,,,,,,
,,,,,,,,,,,
,,,,,,,,,,,
,,,,,,,,,,,
,,,,,,,,,,,
,,,,,,,,,,,
,,,,,,,,,,,
,,,,,,,,,,,
,,,,,,,,,,,
,,,,,,,,,,,
,,,,,,,,,,,
,,,,,,,,,,,
,,,,,,,,,,,
,,,,,,,,,,,
,,,,,,,,,,,
,,,,,,,,,,,
,,,,,,,,,,,
,,,,,,,,,,,
,,,,,,,,,,,
,,,,,,,,,,,
,,,,,,,,,,,
,,,,,,,,,,,
,,,,,,,,,,,
,,,,,,,,,,,
,,,,,,,,,,,
,,,,,,,,,,,
,,,,,,,,,,,
,,,,,,,,,,,
,,,,,,,,,,,
,,,,,,,,,,,
,,,,,,,,,,,
,,,,,,,,,,,
,,,,,,,,,,,
,,,,,,,,,,,
,,,,,,,,,,,
,,,,,,,,,,,
,,,,,,,,,,,
,,,,,,,,,,,
,,,,,,,,,,,
,,,,,,,,,,,
,,,,,,,,,,,
,,,,,,,,,,,
,,,,,,,,,,,
,,,,,,,,,,,
,,,,,,,,,,,
,,,,,,,,,,,
,,,,,,,,,,,
,,,,,,,,,,,
,,,,,,,,,,,
,,,,,,,,,,,
,,,,,,,,,,,
,,,,,,,,,,,
,,,,,,,,,,,
,,,,,,,,,,,
,,,,,,,,,,,
,,,,,,,,,,,
,,,,,,,,,,,
,,,,,,,,,,,
,,,,,,,,,,,
,,,,,,,,,,,
,,,,,,,,,,,
,,,,,,,,,,,
,,,,,,,,,,,
,,,,,,,,,,,
,,,,,,,,,,,
,,,,,,,,,,,
,,,,,,,,,,,
,,,,,,,,,,,
,,,,,,,,,,,
,,,,,,,,,,,
,,,,,,,,,,,
,,,,,,,,,,,
,,,,,,,,,,,
,,,,,,,,,,,
,,,,,,,,,,,
,,,,,,,,,,,
,,,,,,,,,,,
,,,,,,,,,,,
,,,,,,,,,,,
,,,,,,,,,,,
,,,,,,,,,,,
,,,,,,,,,,,
,,,,,,,,,,,
,,,,,,,,,,,
,,,,,,,,,,,
,,,,,,,,,,,
,,,,,,,,,,,
,,,,,,,,,,,
,,,,,,,,,,,
,,,,,,,,,,,
,,,,,,,,,,,
,,,,,,,,,,,
,,,,,,,,,,,
,,,,,,,,,,,
,,,,,,,,,,,
,,,,,,,,,,,
,,,,,,,,,,,
,,,,,,,,,,,
,,,,,,,,,,,
,,,,,,,,,,,
,,,,,,,,,,,
,,,,,,,,,,,
,,,,,,,,,,,
,,,,,,,,,,,
,,,,,,,,,,,
,,,,,,,,,,,
,,,,,,,,,,,
,,,,,,,,,,,
,,,,,,,,,,,
,,,,,,,,,,,
,,,,,,,,,,,
,,,,,,,,,,,
,,,,,,,,,,,
,,,,,,,,,,,
,,,,,,,,,,,
,,,,,,,,,,,
,,,,,,,,,,,
,,,,,,,,,,,
,,,,,,,,,,,
,,,,,,,,,,,
,,,,,,,,,,,
,,,,,,,,,,,
,,,,,,,,,,,
,,,,,,,,,,,
,,,,,,,,,,,
,,,,,,,,,,,
,,,,,,,,,,,
,,,,,,,,,,,
,,,,,,,,,,,
,,,,,,,,,,,
,,,,,,,,,,,
,,,,,,,,,,,
,,,,,,,,,,,
,,,,,,,,,,,
,,,,,,,,,,,
,,,,,,,,,,,
,,,,,,,,,,,
,,,,,,,,,,,
,,,,,,,,,,,
,,,,,,,,,,,
,,,,,,,,,,,
,,,,,,,,,,,
,,,,,,,,,,,
,,,,,,,,,,,
,,,,,,,,,,,
,,,,,,,,,,,
,,,,,,,,,,,
,,,,,,,,,,,
,,,,,,,,,,,
,,,,,,,,,,,
,,,,,,,,,,,
,,,,,,,,,,,
,,,,,,,,,,,
,,,,,,,,,,,
,,,,,,,,,,,
,,,,,,,,,,,
,,,,,,,,,,,
,,,,,,,,,,,
,,,,,,,,,,,
,,,,,,,,,,,
,,,,,,,,,,,
,,,,,,,,,,,
,,,,,,,,,,,
,,,,,,,,,,,
,,,,,,,,,,,
,,,,,,,,,,,
,,,,,,,,,,,
,,,,,,,,,,,
,,,,,,,,,,,
,,,,,,,,,,,
,,,,,,,,,,,
,,,,,,,,,,,
,,,,,,,,,,,
,,,,,,,,,,,
,,,,,,,,,,,
,,,,,,,,,,,
,,,,,,,,,,,
,,,,,,,,,,,
,,,,,,,,,,,
,,,,,,,,,,,
,,,,,,,,,,,
,,,,,,,,,,,
,,,,,,,,,,,
,,,,,,,,,,,
,,,,,,,,,,,
,,,,,,,,,,,
,,,,,,,,,,,
,,,,,,,,,,,
,,,,,,,,,,,
,,,,,,,,,,,
,,,,,,,,,,,
,,,,,,,,,,,
,,,,,,,,,,,
,,,,,,,,,,,
,,,,,,,,,,,
,,,,,,,,,,,
,,,,,,,,,,,
,,,,,,,,,,,
,,,,,,,,,,,
,,,,,,,,,,,
,,,,,,,,,,,
,,,,,,,,,,,
,,,,,,,,,,,
,,,,,,,,,,,
,,,,,,,,,,,
,,,,,,,,,,,
,,,,,,,,,,,
,,,,,,,,,,,
,,,,,,,,,,,
,,,,,,,,,,,
,,,,,,,,,,,
,,,,,,,,,,,
,,,,,,,,,,,
,,,,,,,,,,,
,,,,,,,,,,,
,,,,,,,,,,,
,,,,,,,,,,,
,,,,,,,,,,,
,,,,,,,,,,,
,,,,,,,,,,,
,,,,,,,,,,,
,,,,,,,,,,,
,,,,,,,,,,,
,,,,,,,,,,,
,,,,,,,,,,,
,,,,,,,,,,,
,,,,,,,,,,,
,,,,,,,,,,,
,,,,,,,,,,,
,,,,,,,,,,,
,,,,,,,,,,,
,,,,,,,,,,,
,,,,,,,,,,,
,,,,,,,,,,,
,,,,,,,,,,,
,,,,,,,,,,,
,,,,,,,,,,,
,,,,,,,,,,,
,,,,,,,,,,,
,,,,,,,,,,,
,,,,,,,,,,,
,,,,,,,,,,,
,,,,,,,,,,,
,,,,,,,,,,,
,,,,,,,,,,,
,,,,,,,,,,,
,,,,,,,,,,,
,,,,,,,,,,,
,,,,,,,,,,,
,,,,,,,,,,,
,,,,,,,,,,,
,,,,,,,,,,,
,,,,,,,,,,,
,,,,,,,,,,,
,,,,,,,,,,,
,,,,,,,,,,,
,,,,,,,,,,,
,,,,,,,,,,,
,,,,,,,,,,,
,,,,,,,,,,,
,,,,,,,,,,,
,,,,,,,,,,,
,,,,,,,,,,,
,,,,,,,,,,,
,,,,,,,,,,,
,,,,,,,,,,,
,,,,,,,,,,,
,,,,,,,,,,,
,,,,,,,,,,,
,,,,,,,,,,,
,,,,,,,,,,,
,,,,,,,,,,,
,,,,,,,,,,,
,,,,,,,,,,,
,,,,,,,,,,,
,,,,,,,,,,,
,,,,,,,,,,,
,,,,,,,,,,,
,,,,,,,,,,,
,,,,,,,,,,,
,,,,,,,,,,,
,,,,,,,,,,,
,,,,,,,,,,,
,,,,,,,,,,,
,,,,,,,,,,,
,,,,,,,,,,,
,,,,,,,,,,,
,,,,,,,,,,,
,,,,,,,,,,,
,,,,,,,,,,,
,,,,,,,,,,,
,,,,,,,,,,,
,,,,,,,,,,,
,,,,,,,,,,,
,,,,,,,,,,,
,,,,,,,,,,,
,,,,,,,,,,,
,,,,,,,,,,,
,,,,,,,,,,,
,,,,,,,,,,,
,,,,,,,,,,,
,,,,,,,,,,,
,,,,,,,,,,,
,,,,,,,,,,,
,,,,,,,,,,,
,,,,,,,,,,,
,,,,,,,,,,,
,,,,,,,,,,,
,,,,,,,,,,,
,,,,,,,,,,,
,,,,,,,,,,,
,,,,,,,,,,,
,,,,,,,,,,,
,,,,,,,,,,,
,,,,,,,,,,,
,,,,,,,,,,,
,,,,,,,,,,,
,,,,,,,,,,,
,,,,,,,,,,,
,,,,,,,,,,,
,,,,,,,,,,,
,,,,,,,,,,,
,,,,,,,,,,,
,,,,,,,,,,,
,,,,,,,,,,,
,,,,,,,,,,,
,,,,,,,,,,,
,,,,,,,,,,,
,,,,,,,,,,,
,,,,,,,,,,,
,,,,,,,,,,,
,,,,,,,,,,,
,,,,,,,,,,,
,,,,,,,,,,,
,,,,,,,,,,,
,,,,,,,,,,,
,,,,,,,,,,,
,,,,,,,,,,,
,,,,,,,,,,,
,,,,,,,,,,,
,,,,,,,,,,,
,,,,,,,,,,,
,,,,,,,,,,,
,,,,,,,,,,,
,,,,,,,,,,,
,,,,,,,,,,,
,,,,,,,,,,,
,,,,,,,,,,,
,,,,,,,,,,,
,,,,,,,,,,,
,,,,,,,,,,,
,,,,,,,,,,,
,,,,,,,,,,,
,,,,,,,,,,,
,,,,,,,,,,,
,,,,,,,,,,,
,,,,,,,,,,,
,,,,,,,,,,,
,,,,,,,,,,,
,,,,,,,,,,,
,,,,,,,,,,,
,,,,,,,,,,,
,,,,,,,,,,,
,,,,,,,,,,,
,,,,,,,,,,,
,,,,,,,,,,,
,,,,,,,,,,,
,,,,,,,,,,,
,,,,,,,,,,,
,,,,,,,,,,,
,,,,,,,,,,,
,,,,,,,,,,,
,,,,,,,,,,,
,,,,,,,,,,,
,,,,,,,,,,,
,,,,,,,,,,,
,,,,,,,,,,,
,,,,,,,,,,,
,,,,,,,,,,,
,,,,,,,,,,,
,,,,,,,,,,,
,,,,,,,,,,,
,,,,,,,,,,,
,,,,,,,,,,,
,,,,,,,,,,,
,,,,,,,,,,,
,,,,,,,,,,,
,,,,,,,,,,,
,,,,,,,,,,,
,,,,,,,,,,,
,,,,,,,,,,,
,,,,,,,,,,,
,,,,,,,,,,,
,,,,,,,,,,,
,,,,,,,,,,,
,,,,,,,,,,,
,,,,,,,,,,,
,,,,,,,,,,,
,,,,,,,,,,,
,,,,,,,,,,,
,,,,,,,,,,,
,,,,,,,,,,,
,,,,,,,,,,,
,,,,,,,,,,,
,,,,,,,,,,,
,,,,,,,,,,,
,,,,,,,,,,,
,,,,,,,,,,,
,,,,,,,,,,,
,,,,,,,,,,,
,,,,,,,,,,,
,,,,,,,,,,,
,,,,,,,,,,,
,,,,,,,,,,,
,,,,,,,,,,,
,,,,,,,,,,,
,,,,,,,,,,,
,,,,,,,,,,,
,,,,,,,,,,,
,,,,,,,,,,,
,,,,,,,,,,,
,,,,,,,,,,,
,,,,,,,,,,,
,,,,,,,,,,,
,,,,,,,,,,,
,,,,,,,,,,,
,,,,,,,,,,,
,,,,,,,,,,,
,,,,,,,,,,,
,,,,,,,,,,,
,,,,,,,,,,,
,,,,,,,,,,,
,,,,,,,,,,,
,,,,,,,,,,,
,,,,,,,,,,,
,,,,,,,,,,,
,,,,,,,,,,,
,,,,,,,,,,,
,,,,,,,,,,,
,,,,,,,,,,,
,,,,,,,,,,,
,,,,,,,,,,,
,,,,,,,,,,,
,,,,,,,,,,,
,,,,,,,,,,,
,,,,,,,,,,,
,,,,,,,,,,,
,,,,,,,,,,,
,,,,,,,,,,,
,,,,,,,,,,,
,,,,,,,,,,,
,,,,,,,,,,,
,,,,,,,,,,,
,,,,,,,,,,,
,,,,,,,,,,,
,,,,,,,,,,,
,,,,,,,,,,,
,,,,,,,,,,,
,,,,,,,,,,,
,,,,,,,,,,,
,,,,,,,,,,,
,,,,,,,,,,,
,,,,,,,,,,,
,,,,,,,,,,,
,,,,,,,,,,,
,,,,,,,,,,,
,,,,,,,,,,,
,,,,,,,,,,,
,,,,,,,,,,,
,,,,,,,,,,,
,,,,,,,,,,,
,,,,,,,,,,,
,,,,,,,,,,,
,,,,,,,,,,,
,,,,,,,,,,,
,,,,,,,,,,,
,,,,,,,,,,,
,,,,,,,,,,,
,,,,,,,,,,,
,,,,,,,,,,,
,,,,,,,,,,,
,,,,,,,,,,,
,,,,,,,,,,,
,,,,,,,,,,,
,,,,,,,,,,,
,,,,,,,,,,,
,,,,,,,,,,,
,,,,,,,,,,,
,,,,,,,,,,,
,,,,,,,,,,,
,,,,,,,,,,,
,,,,,,,,,,,
,,,,,,,,,,,
,,,,,,,,,,,
,,,,,,,,,,,
,,,,,,,,,,,
,,,,,,,,,,,
,,,,,,,,,,,
,,,,,,,,,,,
,,,,,,,,,,,
,,,,,,,,,,,
,,,,,,,,,,,
,,,,,,,,,,,
,,,,,,,,,,,
,,,,,,,,,,,
,,,,,,,,,,,
,,,,,,,,,,,
,,,,,,,,,,,
,,,,,,,,,,,
,,,,,,,,,,,
,,,,,,,,,,,
,,,,,,,,,,,
,,,,,,,,,,,
,,,,,,,,,,,
,,,,,,,,,,,
,,,,,,,,,,,
,,,,,,,,,,,
,,,,,,,,,,,
,,,,,,,,,,,
,,,,,,,,,,,
,,,,,,,,,,,
,,,,,,,,,,,
,,,,,,,,,,,
,,,,,,,,,,,
,,,,,,,,,,,
,,,,,,,,,,,
,,,,,,,,,,,
,,,,,,,,,,,
,,,,,,,,,,,
,,,,,,,,,,,
,,,,,,,,,,,
,,,,,,,,,,,
,,,,,,,,,,,
,,,,,,,,,,,
,,,,,,,,,,,
,,,,,,,,,,,
,,,,,,,,,,,
,,,,,,,,,,,
,,,,,,,,,,,
,,,,,,,,,,,
,,,,,,,,,,,
,,,,,,,,,,,
,,,,,,,,,,,
,,,,,,,,,,,
,,,,,,,,,,,
,,,,,,,,,,,
,,,,,,,,,,,
,,,,,,,,,,,
,,,,,,,,,,,
,,,,,,,,,,,
,,,,,,,,,,,
,,,,,,,,,,,
,,,,,,,,,,,
,,,,,,,,,,,
,,,,,,,,,,,
,,,,,,,,,,,
,,,,,,,,,,,
,,,,,,,,,,,
,,,,,,,,,,,
,,,,,,,,,,,
,,,,,,,,,,,
,,,,,,,,,,,
,,,,,,,,,,,
,,,,,,,,,,,
,,,,,,,,,,,
,,,,,,,,,,,
,,,,,,,,,,,
,,,,,,,,,,,
,,,,,,,,,,,
,,,,,,,,,,,
,,,,,,,,,,,
,,,,,,,,,,,
,,,,,,,,,,,
,,,,,,,,,,,
,,,,,,,,,,,
,,,,,,,,,,,
,,,,,,,,,,,
,,,,,,,,,,,
,,,,,,,,,,,
,,,,,,,,,,,
,,,,,,,,,,,
,,,,,,,,,,,
,,,,,,,,,,,
,,,,,,,,,,,
,,,,,,,,,,,
,,,,,,,,,,,
,,,,,,,,,,,
,,,,,,,,,,,
,,,,,,,,,,,
,,,,,,,,,,,
,,,,,,,,,,,
,,,,,,,,,,,
,,,,,,,,,,,
,,,,,,,,,,,
,,,,,,,,,,,
,,,,,,,,,,,
,,,,,,,,,,,
,,,,,,,,,,,
,,,,,,,,,,,
,,,,,,,,,,,
,,,,,,,,,,,
,,,,,,,,,,,
,,,,,,,,,,,
,,,,,,,,,,,
,,,,,,,,,,,
,,,,,,,,,,,
,,,,,,,,,,,
,,,,,,,,,,,
,,,,,,,,,,,
,,,,,,,,,,,
,,,,,,,,,,,
,,,,,,,,,,,
,,,,,,,,,,,
,,,,,,,,,,,
,,,,,,,,,,,
,,,,,,,,,,,
,,,,,,,,,,,
,,,,,,,,,,,
,,,,,,,,,,,
,,,,,,,,,,,
,,,,,,,,,,,
,,,,,,,,,,,
,,,,,,,,,,,
,,,,,,,,,,,
,,,,,,,,,,,
,,,,,,,,,,,
,,,,,,,,,,,
,,,,,,,,,,,
,,,,,,,,,,,
,,,,,,,,,,,
,,,,,,,,,,,
,,,,,,,,,,,
,,,,,,,,,,,
,,,,,,,,,,,
,,,,,,,,,,,
,,,,,,,,,,,
,,,,,,,,,,,
,,,,,,,,,,,
,,,,,,,,,,,
,,,,,,,,,,,
,,,,,,,,,,,
,,,,,,,,,,,
,,,,,,,,,,,
,,,,,,,,,,,
,,,,,,,,,,,
,,,,,,,,,,,
,,,,,,,,,,,
,,,,,,,,,,,
,,,,,,,,,,,
,,,,,,,,,,,
,,,,,,,,,,,
,,,,,,,,,,,
,,,,,,,,,,,
,,,,,,,,,,,
,,,,,,,,,,,
,,,,,,,,,,,
,,,,,,,,,,,
,,,,,,,,,,,
,,,,,,,,,,,
,,,,,,,,,,,
,,,,,,,,,,,
,,,,,,,,,,,
,,,,,,,,,,,
,,,,,,,,,,,
,,,,,,,,,,,
,,,,,,,,,,,
,,,,,,,,,,,
,,,,,,,,,,,
,,,,,,,,,,,
,,,,,,,,,,,
,,,,,,,,,,,
,,,,,,,,,,,
,,,,,,,,,,,
,,,,,,,,,,,
,,,,,,,,,,,
,,,,,,,,,,,
,,,,,,,,,,,
,,,,,,,,,,,
,,,,,,,,,,,
,,,,,,,,,,,
,,,,,,,,,,,
,,,,,,,,,,,
,,,,,,,,,,,
,,,,,,,,,,,
,,,,,,,,,,,
,,,,,,,,,,,
,,,,,,,,,,,
,,,,,,,,,,,
,,,,,,,,,,,
,,,,,,,,,,,
,,,,,,,,,,,
,,,,,,,,,,,
,,,,,,,,,,,
,,,,,,,,,,,
,,,,,,,,,,,
,,,,,,,,,,,
,,,,,,,,,,,
,,,,,,,,,,,
,,,,,,,,,,,
,,,,,,,,,,,
,,,,,,,,,,,
,,,,,,,,,,,
,,,,,,,,,,,
,,,,,,,,,,,
,,,,,,,,,,,
,,,,,,,,,,,
,,,,,,,,,,,
,,,,,,,,,,,
,,,,,,,,,,,
,,,,,,,,,,,
,,,,,,,,,,,
,,,,,,,,,,,
,,,,,,,,,,,
,,,,,,,,,,,
,,,,,,,,,,,
,,,,,,,,,,,
,,,,,,,,,,,
,,,,,,,,,,,
,,,,,,,,,,,
,,,,,,,,,,,
,,,,,,,,,,,
,,,,,,,,,,,
,,,,,,,,,,,
,,,,,,,,,,,
,,,,,,,,,,,
,,,,,,,,,,,
,,,,,,,,,,,
,,,,,,,,,,,
,,,,,,,,,,,
,,,,,,,,,,,
,,,,,,,,,,,
,,,,,,,,,,,
,,,,,,,,,,,
,,,,,,,,,,,
,,,,,,,,,,,
,,,,,,,,,,,
,,,,,,,,,,,
,,,,,,,,,,,
,,,,,,,,,,,
,,,,,,,,,,,
,,,,,,,,,,,
,,,,,,,,,,,
,,,,,,,,,,,
,,,,,,,,,,,
,,,,,,,,,,,
,,,,,,,,,,,
,,,,,,,,,,,
,,,,,,,,,,,
,,,,,,,,,,,
,,,,,,,,,,,
,,,,,,,,,,,
,,,,,,,,,,,
,,,,,,,,,,,
,,,,,,,,,,,
,,,,,,,,,,,
,,,,,,,,,,,
,,,,,,,,,,,
,,,,,,,,,,,
,,,,,,,,,,,
,,,,,,,,,,,
,,,,,,,,,,,
,,,,,,,,,,,
,,,,,,,,,,,
,,,,,,,,,,,
,,,,,,,,,,,
,,,,,,,,,,,
,,,,,,,,,,,
,,,,,,,,,,,
,,,,,,,,,,,
,,,,,,,,,,,
,,,,,,,,,,,
,,,,,,,,,,,
,,,,,,,,,,,
,,,,,,,,,,,
,,,,,,,,,,,
,,,,,,,,,,,
,,,,,,,,,,,
,,,,,,,,,,,
,,,,,,,,,,,
,,,,,,,,,,,
,,,,,,,,,,,
,,,,,,,,,,,
,,,,,,,,,,,
,,,,,,,,,,,
,,,,,,,,,,,
,,,,,,,,,,,
,,,,,,,,,,,
,,,,,,,,,,,
,,,,,,,,,,,
,,,,,,,,,,,
,,,,,,,,,,,
,,,,,,,,,,,
,,,,,,,,,,,
,,,,,,,,,,,
,,,,,,,,,,,
,,,,,,,,,,,
,,,,,,,,,,,
,,,,,,,,,,,
,,,,,,,,,,,
,,,,,,,,,,,
,,,,,,,,,,,
,,,,,,,,,,,
,,,,,,,,,,,
,,,,,,,,,,,
,,,,,,,,,,,
,,,,,,,,,,,
,,,,,,,,,,,
,,,,,,,,,,,
,,,,,,,,,,,
,,,,,,,,,,,
,,,,,,,,,,,
,,,,,,,,,,,
,,,,,,,,,,,
,,,,,,,,,,,
,,,,,,,,,,,
,,,,,,,,,,,
,,,,,,,,,,,
,,,,,,,,,,,
,,,,,,,,,,,
,,,,,,,,,,,
,,,,,,,,,,,
,,,,,,,,,,,
,,,,,,,,,,,
,,,,,,,,,,,
,,,,,,,,,,,
,,,,,,,,,,,
,,,,,,,,,,,
,,,,,,,,,,,
,,,,,,,,,,,
,,,,,,,,,,,
,,,,,,,,,,,
,,,,,,,,,,,
,,,,,,,,,,,
,,,,,,,,,,,
,,,,,,,,,,,
,,,,,,,,,,,
,,,,,,,,,,,
,,,,,,,,,,,
,,,,,,,,,,,
,,,,,,,,,,,
,,,,,,,,,,,
,,,,,,,,,,,
,,,,,,,,,,,
,,,,,,,,,,,
,,,,,,,,,,,
,,,,,,,,,,,
,,,,,,,,,,,
,,,,,,,,,,,
,,,,,,,,,,,
,,,,,,,,,,,
,,,,,,,,,,,
,,,,,,,,,,,
,,,,,,,,,,,
,,,,,,,,,,,
,,,,,,,,,,,
,,,,,,,,,,,
,,,,,,,,,,,
,,,,,,,,,,,
,,,,,,,,,,,
,,,,,,,,,,,
,,,,,,,,,,,
,,,,,,,,,,,
,,,,,,,,,,,
,,,,,,,,,,,
,,,,,,,,,,,
,,,,,,,,,,,
,,,,,,,,,,,
,,,,,,,,,,,
,,,,,,,,,,,
,,,,,,,,,,,
,,,,,,,,,,,
,,,,,,,,,,,
,,,,,,,,,,,
,,,,,,,,,,,
,,,,,,,,,,,
,,,,,,,,,,,
,,,,,,,,,,,
,,,,,,,,,,,
,,,,,,,,,,,
,,,,,,,,,,,
,,,,,,,,,,,
,,,,,,,,,,,
,,,,,,,,,,,
,,,,,,,,,,,
,,,,,,,,,,,
,,,,,,,,,,,
,,,,,,,,,,,
,,,,,,,,,,,
,,,,,,,,,,,
,,,,,,,,,,,
,,,,,,,,,,,
,,,,,,,,,,,
,,,,,,,,,,,
,,,,,,,,,,,
,,,,,,,,,,,
,,,,,,,,,,,
,,,,,,,,,,,
,,,,,,,,,,,
,,,,,,,,,,,
,,,,,,,,,,,
,,,,,,,,,,,
,,,,,,,,,,,
,,,,,,,,,,,
,,,,,,,,,,,
,,,,,,,,,,,
,,,,,,,,,,,
,,,,,,,,,,,
,,,,,,,,,,,
,,,,,,,,,,,
,,,,,,,,,,,
,,,,,,,,,,,
,,,,,,,,,,,
,,,,,,,,,,,
,,,,,,,,,,,
,,,,,,,,,,,
,,,,,,,,,,,
,,,,,,,,,,,
,,,,,,,,,,,
,,,,,,,,,,,
,,,,,,,,,,,
,,,,,,,,,,,
,,,,,,,,,,,
,,,,,,,,,,,
,,,,,,,,,,,
,,,,,,,,,,,
,,,,,,,,,,,
,,,,,,,,,,,
,,,,,,,,,,,
,,,,,,,,,,,
,,,,,,,,,,,
,,,,,,,,,,,
,,,,,,,,,,,
,,,,,,,,,,,
,,,,,,,,,,,
,,,,,,,,,,,
,,,,,,,,,,,
,,,,,,,,,,,
,,,,,,,,,,,
,,,,,,,,,,,
,,,,,,,,,,,
,,,,,,,,,,,
,,,,,,,,,,,
,,,,,,,,,,,
,,,,,,,,,,,
,,,,,,,,,,,
,,,,,,,,,,,
,,,,,,,,,,,
,,,,,,,,,,,
,,,,,,,,,,,
,,,,,,,,,,,
,,,,,,,,,,,
,,,,,,,,,,,
,,,,,,,,,,,
,,,,,,,,,,,
,,,,,,,,,,,
,,,,,,,,,,,
,,,,,,,,,,,
,,,,,,,,,,,
,,,,,,,,,,,
,,,,,,,,,,,
,,,,,,,,,,,
,,,,,,,,,,,
,,,,,,,,,,,
,,,,,,,,,,,
,,,,,,,,,,,
,,,,,,,,,,,
,,,,,,,,,,,
,,,,,,,,,,,
,,,,,,,,,,,
,,,,,,,,,,,
,,,,,,,,,,,
,,,,,,,,,,,
,,,,,,,,,,,
,,,,,,,,,,,
,,,,,,,,,,,
,,,,,,,,,,,
,,,,,,,,,,,
,,,,,,,,,,,
,,,,,,,,,,,
,,,,,,,,,,,
,,,,,,,,,,,
,,,,,,,,,,,
,,,,,,,,,,,
,,,,,,,,,,,
,,,,,,,,,,,
,,,,,,,,,,,
,,,,,,,,,,,
,,,,,,,,,,,
,,,,,,,,,,,
,,,,,,,,,,,
,,,,,,,,,,,
,,,,,,,,,,,
,,,,,,,,,,,
,,,,,,,,,,,
,,,,,,,,,,,
,,,,,,,,,,,
,,,,,,,,,,,
,,,,,,,,,,,
,,,,,,,,,,,
,,,,,,,,,,,
,,,,,,,,,,,
,,,,,,,,,,,
,,,,,,,,,,,
,,,,,,,,,,,
,,,,,,,,,,,
,,,,,,,,,,,
,,,,,,,,,,,
,,,,,,,,,,,
,,,,,,,,,,,
,,,,,,,,,,,
,,,,,,,,,,,
,,,,,,,,,,,
,,,,,,,,,,,
,,,,,,,,,,,
,,,,,,,,,,,
,,,,,,,,,,,
,,,,,,,,,,,
,,,,,,,,,,,
,,,,,,,,,,,
,,,,,,,,,,,
,,,,,,,,,,,
,,,,,,,,,,,
,,,,,,,,,,,
,,,,,,,,,,,
,,,,,,,,,,,
,,,,,,,,,,,
,,,,,,,,,,,
,,,,,,,,,,,
,,,,,,,,,,,
,,,,,,,,,,,
,,,,,,,,,,,
,,,,,,,,,,,
,,,,,,,,,,,
,,,,,,,,,,,
,,,,,,,,,,,
,,,,,,,,,,,
,,,,,,,,,,,
,,,,,,,,,,,
,,,,,,,,,,,
,,,,,,,,,,,
,,,,,,,,,,,
,,,,,,,,,,,
,,,,,,,,,,,
,,,,,,,,,,,
,,,,,,,,,,,
,,,,,,,,,,,
,,,,,,,,,,,
,,,,,,,,,,,
,,,,,,,,,,,
,,,,,,,,,,,
,,,,,,,,,,,
,,,,,,,,,,,
,,,,,,,,,,,
,,,,,,,,,,,
,,,,,,,,,,,
,,,,,,,,,,,
,,,,,,,,,,,
,,,,,,,,,,,
,,,,,,,,,,,
,,,,,,,,,,,
,,,,,,,,,,,
,,,,,,,,,,,
,,,,,,,,,,,
,,,,,,,,,,,
,,,,,,,,,,,
,,,,,,,,,,,
,,,,,,,,,,,
,,,,,,,,,,,
,,,,,,,,,,,
,,,,,,,,,,,
,,,,,,,,,,,
,,,,,,,,,,,
,,,,,,,,,,,
,,,,,,,,,,,
,,,,,,,,,,,
,,,,,,,,,,,
,,,,,,,,,,,
,,,,,,,,,,,
,,,,,,,,,,,
,,,,,,,,,,,
,,,,,,,,,,,
,,,,,,,,,,,
,,,,,,,,,,,
,,,,,,,,,,,
,,,,,,,,,,,
,,,,,,,,,,,
,,,,,,,,,,,
,,,,,,,,,,,
,,,,,,,,,,,
,,,,,,,,,,,
,,,,,,,,,,,
,,,,,,,,,,,
,,,,,,,,,,,
,,,,,,,,,,,
,,,,,,,,,,,
,,,,,,,,,,,
,,,,,,,,,,,
,,,,,,,,,,,
,,,,,,,,,,,
,,,,,,,,,,,
,,,,,,,,,,,
,,,,,,,,,,,
,,,,,,,,,,,
,,,,,,,,,,,
,,,,,,,,,,,
,,,,,,,,,,,
,,,,,,,,,,,
,,,,,,,,,,,
,,,,,,,,,,,
,,,,,,,,,,,
,,,,,,,,,,,
,,,,,,,,,,,
,,,,,,,,,,,
,,,,,,,,,,,
,,,,,,,,,,,
,,,,,,,,,,,
,,,,,,,,,,,
,,,,,,,,,,,
,,,,,,,,,,,
,,,,,,,,,,,
,,,,,,,,,,,
,,,,,,,,,,,
,,,,,,,,,,,
,,,,,,,,,,,
,,,,,,,,,,,
,,,,,,,,,,,
,,,,,,,,,,,
,,,,,,,,,,,
,,,,,,,,,,,
,,,,,,,,,,,
,,,,,,,,,,,
,,,,,,,,,,,
,,,,,,,,,,,
,,,,,,,,,,,
,,,,,,,,,,,
,,,,,,,,,,,
,,,,,,,,,,,
,,,,,,,,,,,
,,,,,,,,,,,
,,,,,,,,,,,
,,,,,,,,,,,
,,,,,,,,,,,
,,,,,,,,,,,
,,,,,,,,,,,
,,,,,,,,,,,
,,,,,,,,,,,
,,,,,,,,,,,
,,,,,,,,,,,
,,,,,,,,,,,
,,,,,,,,,,,
,,,,,,,,,,,
,,,,,,,,,,,
,,,,,,,,,,,
,,,,,,,,,,,
,,,,,,,,,,,
,,,,,,,,,,,
,,,,,,,,,,,
,,,,,,,,,,,
,,,,,,,,,,,
,,,,,,,,,,,
,,,,,,,,,,,
,,,,,,,,,,,
,,,,,,,,,,,
,,,,,,,,,,,
,,,,,,,,,,,
,,,,,,,,,,,
,,,,,,,,,,,
,,,,,,,,,,,
,,,,,,,,,,,
,,,,,,,,,,,
,,,,,,,,,,,
,,,,,,,,,,,
,,,,,,,,,,,
,,,,,,,,,,,
,,,,,,,,,,,
,,,,,,,,,,,
,,,,,,,,,,,
,,,,,,,,,,,
,,,,,,,,,,,
,,,,,,,,,,,
,,,,,,,,,,,
,,,,,,,,,,,
,,,,,,,,,,,
,,,,,,,,,,,
,,,,,,,,,,,
,,,,,,,,,,,
,,,,,,,,,,,
,,,,,,,,,,,
,,,,,,,,,,,
,,,,,,,,,,,
,,,,,,,,,,,
,,,,,,,,,,,
,,,,,,,,,,,
,,,,,,,,,,,
,,,,,,,,,,,
,,,,,,,,,,,
,,,,,,,,,,,
,,,,,,,,,,,
,,,,,,,,,,,
,,,,,,,,,,,
,,,,,,,,,,,
,,,,,,,,,,,
,,,,,,,,,,,
,,,,,,,,,,,
,,,,,,,,,,,
,,,,,,,,,,,
,,,,,,,,,,,
,,,,,,,,,,,
,,,,,,,,,,,
,,,,,,,,,,,
,,,,,,,,,,,
,,,,,,,,,,,
,,,,,,,,,,,
,,,,,,,,,,,
,,,,,,,,,,,
,,,,,,,,,,,
,,,,,,,,,,,
,,,,,,,,,,,
,,,,,,,,,,,
,,,,,,,,,,,
,,,,,,,,,,,
,,,,,,,,,,,
,,,,,,,,,,,
,,,,,,,,,,,
,,,,,,,,,,,
,,,,,,,,,,,
,,,,,,,,,,,
,,,,,,,,,,,
,,,,,,,,,,,
,,,,,,,,,,,
,,,,,,,,,,,
,,,,,,,,,,,
,,,,,,,,,,,
,,,,,,,,,,,
,,,,,,,,,,,
,,,,,,,,,,,
,,,,,,,,,,,
,,,,,,,,,,,
,,,,,,,,,,,
,,,,,,,,,,,
,,,,,,,,,,,
,,,,,,,,,,,
,,,,,,,,,,,
,,,,,,,,,,,
,,,,,,,,,,,
,,,,,,,,,,,
,,,,,,,,,,,
,,,,,,,,,,,
,,,,,,,,,,,
,,,,,,,,,,,
,,,,,,,,,,,
,,,,,,,,,,,
,,,,,,,,,,,
,,,,,,,,,,,
,,,,,,,,,,,
,,,,,,,,,,,
,,,,,,,,,,,
,,,,,,,,,,,
,,,,,,,,,,,
,,,,,,,,,,,
,,,,,,,,,,,
,,,,,,,,,,,
,,,,,,,,,,,
,,,,,,,,,,,
,,,,,,,,,,,
,,,,,,,,,,,
,,,,,,,,,,,
,,,,,,,,,,,
,,,,,,,,,,,
,,,,,,,,,,,
,,,,,,,,,,,
,,,,,,,,,,,
,,,,,,,,,,,
,,,,,,,,,,,
,,,,,,,,,,,
,,,,,,,,,,,
,,,,,,,,,,,
,,,,,,,,,,,
,,,,,,,,,,,
,,,,,,,,,,,
,,,,,,,,,,,
,,,,,,,,,,,
,,,,,,,,,,,
,,,,,,,,,,,
,,,,,,,,,,,
,,,,,,,,,,,
,,,,,,,,,,,
,,,,,,,,,,,
,,,,,,,,,,,
,,,,,,,,,,,
,,,,,,,,,,,
,,,,,,,,,,,
,,,,,,,,,,,
,,,,,,,,,,,
,,,,,,,,,,,
,,,,,,,,,,,
,,,,,,,,,,,
,,,,,,,,,,,
,,,,,,,,,,,
,,,,,,,,,,,
,,,,,,,,,,,
,,,,,,,,,,,
,,,,,,,,,,,
,,,,,,,,,,,
,,,,,,,,,,,
,,,,,,,,,,,
,,,,,,,,,,,
,,,,,,,,,,,
,,,,,,,,,,,
,,,,,,,,,,,
,,,,,,,,,,,
,,,,,,,,,,,
,,,,,,,,,,,
,,,,,,,,,,,
,,,,,,,,,,,
,,,,,,,,,,,
,,,,,,,,,,,
,,,,,,,,,,,
,,,,,,,,,,,
,,,,,,,,,,,
,,,,,,,,,,,
,,,,,,,,,,,
,,,,,,,,,,,
,,,,,,,,,,,
,,,,,,,,,,,
,,,,,,,,,,,
,,,,,,,,,,,
,,,,,,,,,,,
,,,,,,,,,,,
,,,,,,,,,,,
,,,,,,,,,,,
,,,,,,,,,,,
,,,,,,,,,,,
,,,,,,,,,,,
,,,,,,,,,,,
,,,,,,,,,,,
,,,,,,,,,,,
,,,,,,,,,,,
,,,,,,,,,,,
,,,,,,,,,,,
,,,,,,,,,,,
,,,,,,,,,,,
,,,,,,,,,,,
,,,,,,,,,,,
,,,,,,,,,,,
,,,,,,,,,,,
,,,,,,,,,,,
,,,,,,,,,,,
,,,,,,,,,,,
,,,,,,,,,,,
,,,,,,,,,,,
,,,,,,,,,,,
,,,,,,,,,,,
,,,,,,,,,,,
,,,,,,,,,,,
,,,,,,,,,,,
,,,,,,,,,,,
,,,,,,,,,,,
,,,,,,,,,,,
,,,,,,,,,,,
,,,,,,,,,,,
,,,,,,,,,,,
,,,,,,,,,,,
,,,,,,,,,,,
,,,,,,,,,,,
,,,,,,,,,,,
,,,,,,,,,,,
,,,,,,,,,,,
,,,,,,,,,,,
,,,,,,,,,,,
,,,,,,,,,,,
,,,,,,,,,,,
,,,,,,,,,,,
,,,,,,,,,,,
,,,,,,,,,,,
,,,,,,,,,,,
,,,,,,,,,,,
,,,,,,,,,,,
,,,,,,,,,,,
,,,,,,,,,,,
,,,,,,,,,,,
,,,,,,,,,,,
,,,,,,,,,,,
,,,,,,,,,,,
,,,,,,,,,,,
,,,,,,,,,,,
,,,,,,,,,,,
,,,,,,,,,,,
,,,,,,,,,,,
,,,,,,,,,,,
,,,,,,,,,,,
,,,,,,,,,,,
,,,,,,,,,,,
,,,,,,,,,,,
,,,,,,,,,,,
,,,,,,,,,,,
,,,,,,,,,,,
,,,,,,,,,,,
,,,,,,,,,,,
,,,,,,,,,,,
,,,,,,,,,,,
,,,,,,,,,,,
,,,,,,,,,,,
,,,,,,,,,,,
,,,,,,,,,,,
,,,,,,,,,,,
,,,,,,,,,,,
,,,,,,,,,,,
,,,,,,,,,,,
,,,,,,,,,,,
,,,,,,,,,,,
,,,,,,,,,,,
,,,,,,,,,,,
,,,,,,,,,,,
,,,,,,,,,,,
,,,,,,,,,,,
,,,,,,,,,,,
,,,,,,,,,,,
,,,,,,,,,,,
,,,,,,,,,,,
,,,,,,,,,,,
,,,,,,,,,,,
,,,,,,,,,,,
,,,,,,,,,,,
,,,,,,,,,,,
,,,,,,,,,,,
,,,,,,,,,,,
,,,,,,,,,,,
,,,,,,,,,,,
,,,,,,,,,,,
,,,,,,,,,,,
,,,,,,,,,,,
,,,,,,,,,,,
,,,,,,,,,,,
,,,,,,,,,,,
,,,,,,,,,,,
,,,,,,,,,,,
,,,,,,,,,,,
,,,,,,,,,,,
,,,,,,,,,,,
,,,,,,,,,,,
,,,,,,,,,,,
,,,,,,,,,,,
,,,,,,,,,,,
,,,,,,,,,,,
,,,,,,,,,,,
,,,,,,,,,,,
,,,,,,,,,,,
,,,,,,,,,,,
,,,,,,,,,,,
,,,,,,,,,,,
,,,,,,,,,,,
,,,,,,,,,,,
,,,,,,,,,,,
,,,,,,,,,,,
,,,,,,,,,,,
,,,,,,,,,,,
,,,,,,,,,,,
,,,,,,,,,,,
,,,,,,,,,,,
,,,,,,,,,,,
,,,,,,,,,,,
,,,,,,,,,,,
,,,,,,,,,,,
,,,,,,,,,,,
,,,,,,,,,,,
,,,,,,,,,,,
,,,,,,,,,,,
,,,,,,,,,,,
,,,,,,,,,,,
,,,,,,,,,,,
,,,,,,,,,,,
,,,,,,,,,,,
,,,,,,,,,,,
,,,,,,,,,,,
,,,,,,,,,,,
,,,,,,,,,,,
,,,,,,,,,,,
,,,,,,,,,,,
,,,,,,,,,,,
,,,,,,,,,,,
,,,,,,,,,,,
,,,,,,,,,,,
,,,,,,,,,,,
,,,,,,,,,,,
,,,,,,,,,,,
,,,,,,,,,,,
,,,,,,,,,,,
,,,,,,,,,,,
,,,,,,,,,,,
,,,,,,,,,,,
,,,,,,,,,,,
,,,,,,,,,,,
,,,,,,,,,,,
,,,,,,,,,,,
,,,,,,,,,,,
,,,,,,,,,,,
,,,,,,,,,,,
,,,,,,,,,,,
,,,,,,,,,,,
,,,,,,,,,,,
,,,,,,,,,,,
,,,,,,,,,,,
,,,,,,,,,,,
,,,,,,,,,,,
,,,,,,,,,,,
,,,,,,,,,,,
,,,,,,,,,,,
,,,,,,,,,,,
,,,,,,,,,,,
,,,,,,,,,,,
,,,,,,,,,,,
,,,,,,,,,,,
,,,,,,,,,,,
,,,,,,,,,,,
,,,,,,,,,,,
,,,,,,,,,,,
,,,,,,,,,,,
,,,,,,,,,,,
,,,,,,,,,,,
,,,,,,,,,,,
,,,,,,,,,,,
,,,,,,,,,,,
,,,,,,,,,,,
,,,,,,,,,,,
,,,,,,,,,,,
,,,,,,,,,,,
,,,,,,,,,,,
,,,,,,,,,,,
,,,,,,,,,,,
,,,,,,,,,,,
,,,,,,,,,,,
,,,,,,,,,,,
,,,,,,,,,,,
,,,,,,,,,,,
,,,,,,,,,,,
,,,,,,,,,,,
,,,,,,,,,,,
,,,,,,,,,,,
,,,,,,,,,,,
,,,,,,,,,,,
,,,,,,,,,,,
,,,,,,,,,,,
,,,,,,,,,,,
,,,,,,,,,,,
,,,,,,,,,,,
,,,,,,,,,,,
,,,,,,,,,,,
,,,,,,,,,,,
,,,,,,,,,,,
,,,,,,,,,,,
,,,,,,,,,,,
,,,,,,,,,,,
,,,,,,,,,,,
,,,,,,,,,,,
,,,,,,,,,,,
,,,,,,,,,,,
,,,,,,,,,,,
,,,,,,,,,,,
,,,,,,,,,,,
,,,,,,,,,,,
,,,,,,,,,,,
,,,,,,,,,,,
,,,,,,,,,,,
,,,,,,,,,,,
,,,,,,,,,,,
,,,,,,,,,,,
,,,,,,,,,,,
,,,,,,,,,,,
,,,,,,,,,,,
,,,,,,,,,,,
,,,,,,,,,,,
,,,,,,,,,,,
,,,,,,,,,,,
,,,,,,,,,,,
,,,,,,,,,,,
,,,,,,,,,,,
,,,,,,,,,,,
,,,,,,,,,,,
,,,,,,,,,,,
,,,,,,,,,,,
,,,,,,,,,,,
,,,,,,,,,,,
,,,,,,,,,,,
,,,,,,,,,,,
,,,,,,,,,,,
,,,,,,,,,,,
,,,,,,,,,,,
,,,,,,,,,,,
,,,,,,,,,,,
,,,,,,,,,,,
,,,,,,,,,,,
,,,,,,,,,,,
,,,,,,,,,,,
,,,,,,,,,,,
,,,,,,,,,,,
,,,,,,,,,,,
,,,,,,,,,,,
,,,,,,,,,,,
,,,,,,,,,,,
,,,,,,,,,,,
,,,,,,,,,,,
,,,,,,,,,,,
,,,,,,,,,,,
,,,,,,,,,,,
,,,,,,,,,,,
,,,,,,,,,,,
,,,,,,,,,,,
,,,,,,,,,,,
,,,,,,,,,,,
,,,,,,,,,,,
,,,,,,,,,,,
,,,,,,,,,,,
,,,,,,,,,,,
,,,,,,,,,,,
,,,,,,,,,,,
,,,,,,,,,,,
,,,,,,,,,,,
,,,,,,,,,,,
,,,,,,,,,,,
,,,,,,,,,,,
,,,,,,,,,,,
,,,,,,,,,,,
,,,,,,,,,,,
,,,,,,,,,,,
,,,,,,,,,,,
,,,,,,,,,,,
,,,,,,,,,,,
,,,,,,,,,,,
,,,,,,,,,,,
,,,,,,,,,,,
,,,,,,,,,,,
,,,,,,,,,,,
,,,,,,,,,,,
,,,,,,,,,,,
,,,,,,,,,,,
,,,,,,,,,,,
,,,,,,,,,,,
,,,,,,,,,,,
,,,,,,,,,,,
,,,,,,,,,,,
,,,,,,,,,,,
,,,,,,,,,,,
,,,,,,,,,,,
,,,,,,,,,,,
,,,,,,,,,,,
,,,,,,,,,,,
,,,,,,,,,,,
,,,,,,,,,,,
,,,,,,,,,,,
,,,,,,,,,,,
,,,,,,,,,,,
,,,,,,,,,,,
,,,,,,,,,,,
,,,,,,,,,,,
,,,,,,,,,,,
,,,,,,,,,,,
,,,,,,,,,,,
,,,,,,,,,,,
,,,,,,,,,,,
,,,,,,,,,,,
,,,,,,,,,,,
,,,,,,,,,,,
,,,,,,,,,,,
,,,,,,,,,,,
,,,,,,,,,,,
,,,,,,,,,,,
,,,,,,,,,,,
,,,,,,,,,,,
,,,,,,,,,,,
,,,,,,,,,,,
,,,,,,,,,,,
,,,,,,,,,,,
,,,,,,,,,,,
,,,,,,,,,,,
,,,,,,,,,,,
,,,,,,,,,,,
,,,,,,,,,,,
,,,,,,,,,,,
,,,,,,,,,,,
,,,,,,,,,,,
,,,,,,,,,,,
,,,,,,,,,,,
,,,,,,,,,,,
,,,,,,,,,,,
,,,,,,,,,,,
,,,,,,,,,,,
,,,,,,,,,,,
,,,,,,,,,,,
,,,,,,,,,,,
,,,,,,,,,,,
,,,,,,,,,,,
,,,,,,,,,,,
,,,,,,,,,,,
,,,,,,,,,,,
,,,,,,,,,,,
,,,,,,,,,,,
,,,,,,,,,,,
,,,,,,,,,,,
,,,,,,,,,,,
,,,,,,,,,,,
,,,,,,,,,,,
,,,,,,,,,,,
,,,,,,,,,,,
,,,,,,,,,,,
,,,,,,,,,,,
,,,,,,,,,,,
,,,,,,,,,,,
,,,,,,,,,,,
,,,,,,,,,,,
,,,,,,,,,,,
,,,,,,,,,,,
,,,,,,,,,,,
,,,,,,,,,,,
,,,,,,,,,,,
,,,,,,,,,,,
,,,,,,,,,,,
,,,,,,,,,,,
,,,,,,,,,,,
,,,,,,,,,,,
,,,,,,,,,,,
,,,,,,,,,,,
,,,,,,,,,,,
,,,,,,,,,,,
,,,,,,,,,,,
,,,,,,,,,,,
,,,,,,,,,,,
,,,,,,,,,,,
,,,,,,,,,,,
,,,,,,,,,,,
,,,,,,,,,,,
,,,,,,,,,,,
,,,,,,,,,,,
,,,,,,,,,,,
,,,,,,,,,,,
,,,,,,,,,,,
,,,,,,,,,,,
,,,,,,,,,,,
,,,,,,,,,,,
,,,,,,,,,,,
,,,,,,,,,,,
,,,,,,,,,,,
,,,,,,,,,,,
,,,,,,,,,,,
,,,,,,,,,,,
,,,,,,,,,,,
,,,,,,,,,,,
,,,,,,,,,,,
,,,,,,,,,,,
,,,,,,,,,,,
,,,,,,,,,,,
,,,,,,,,,,,
,,,,,,,,,,,
,,,,,,,,,,,
,,,,,,,,,,,
,,,,,,,,,,,
,,,,,,,,,,,
,,,,,,,,,,,
,,,,,,,,,,,
,,,,,,,,,,,
,,,,,,,,,,,
,,,,,,,,,,,
,,,,,,,,,,,
,,,,,,,,,,,
,,,,,,,,,,,
,,,,,,,,,,,
,,,,,,,,,,,
,,,,,,,,,,,
,,,,,,,,,,,
,,,,,,,,,,,
,,,,,,,,,,,
,,,,,,,,,,,
,,,,,,,,,,,
,,,,,,,,,,,
,,,,,,,,,,,
,,,,,,,,,,,
,,,,,,,,,,,
,,,,,,,,,,,
,,,,,,,,,,,
,,,,,,,,,,,
,,,,,,,,,,,
,,,,,,,,,,,
,,,,,,,,,,,
,,,,,,,,,,,
,,,,,,,,,,,
,,,,,,,,,,,
,,,,,,,,,,,
,,,,,,,,,,,
,,,,,,,,,,,
,,,,,,,,,,,
,,,,,,,,,,,
,,,,,,,,,,,
,,,,,,,,,,,
,,,,,,,,,,,
,,,,,,,,,,,
,,,,,,,,,,,
,,,,,,,,,,,
,,,,,,,,,,,
,,,,,,,,,,,
,,,,,,,,,,,
,,,,,,,,,,,
,,,,,,,,,,,
,,,,,,,,,,,
,,,,,,,,,,,
,,,,,,,,,,,
,,,,,,,,,,,
,,,,,,,,,,,
,,,,,,,,,,,
,,,,,,,,,,,
,,,,,,,,,,,
,,,,,,,,,,,
,,,,,,,,,,,
,,,,,,,,,,,
,,,,,,,,,,,
,,,,,,,,,,,
,,,,,,,,,,,
,,,,,,,,,,,
,,,,,,,,,,,
,,,,,,,,,,,
,,,,,,,,,,,
,,,,,,,,,,,
,,,,,,,,,,,
,,,,,,,,,,,
,,,,,,,,,,,
,,,,,,,,,,,
,,,,,,,,,,,
,,,,,,,,,,,
,,,,,,,,,,,
,,,,,,,,,,,
,,,,,,,,,,,
,,,,,,,,,,,
,,,,,,,,,,,
,,,,,,,,,,,
,,,,,,,,,,,
,,,,,,,,,,,
,,,,,,,,,,,
,,,,,,,,,,,
,,,,,,,,,,,
,,,,,,,,,,,
,,,,,,,,,,,
,,,,,,,,,,,
,,,,,,,,,,,
,,,,,,,,,,,
,,,,,,,,,,,
,,,,,,,,,,,
,,,,,,,,,,,
,,,,,,,,,,,
,,,,,,,,,,,
,,,,,,,,,,,
,,,,,,,,,,,
,,,,,,,,,,,
,,,,,,,,,,,
,,,,,,,,,,,
,,,,,,,,,,,
,,,,,,,,,,,
,,,,,,,,,,,
,,,,,,,,,,,
,,,,,,,,,,,
,,,,,,,,,,,
,,,,,,,,,,,
,,,,,,,,,,,
,,,,,,,,,,,
,,,,,,,,,,,
,,,,,,,,,,,
,,,,,,,,,,,
,,,,,,,,,,,
,,,,,,,,,,,
,,,,,,,,,,,
,,,,,,,,,,,
,,,,,,,,,,,
,,,,,,,,,,,
,,,,,,,,,,,
,,,,,,,,,,,
,,,,,,,,,,,
,,,,,,,,,,,
,,,,,,,,,,,
,,,,,,,,,,,
,,,,,,,,,,,
,,,,,,,,,,,
,,,,,,,,,,,
,,,,,,,,,,,
,,,,,,,,,,,
,,,,,,,,,,,
,,,,,,,,,,,
,,,,,,,,,,,
,,,,,,,,,,,
,,,,,,,,,,,
,,,,,,,,,,,
,,,,,,,,,,,
,,,,,,,,,,,
,,,,,,,,,,,
,,,,,,,,,,,
,,,,,,,,,,,
,,,,,,,,,,,
,,,,,,,,,,,
,,,,,,,,,,,
,,,,,,,,,,,
,,,,,,,,,,,
,,,,,,,,,,,
,,,,,,,,,,,
,,,,,,,,,,,
,,,,,,,,,,,
,,,,,,,,,,,
,,,,,,,,,,,
,,,,,,,,,,,
,,,,,,,,,,,
,,,,,,,,,,,
,,,,,,,,,,,
,,,,,,,,,,,
,,,,,,,,,,,
,,,,,,,,,,,
,,,,,,,,,,,
,,,,,,,,,,,
,,,,,,,,,,,
,,,,,,,,,,,
,,,,,,,,,,,
,,,,,,,,,,,
,,,,,,,,,,,
,,,,,,,,,,,
,,,,,,,,,,,
,,,,,,,,,,,
,,,,,,,,,,,
,,,,,,,,,,,
,,,,,,,,,,,
,,,,,,,,,,,
,,,,,,,,,,,
,,,,,,,,,,,
,,,,,,,,,,,
,,,,,,,,,,,
,,,,,,,,,,,
,,,,,,,,,,,
,,,,,,,,,,,
,,,,,,,,,,,
,,,,,,,,,,,
,,,,,,,,,,,
,,,,,,,,,,,
,,,,,,,,,,,
,,,,,,,,,,,
,,,,,,,,,,,
,,,,,,,,,,,
,,,,,,,,,,,
,,,,,,,,,,,
,,,,,,,,,,,
,,,,,,,,,,,
,,,,,,,,,,,
,,,,,,,,,,,
,,,,,,,,,,,
,,,,,,,,,,,
,,,,,,,,,,,
,,,,,,,,,,,
,,,,,,,,,,,
,,,,,,,,,,,
,,,,,,,,,,,
,,,,,,,,,,,
,,,,,,,,,,,
,,,,,,,,,,,
,,,,,,,,,,,
,,,,,,,,,,,
,,,,,,,,,,,
,,,,,,,,,,,
,,,,,,,,,,,
,,,,,,,,,,,
,,,,,,,,,,,
,,,,,,,,,,,
,,,,,,,,,,,
,,,,,,,,,,,
,,,,,,,,,,,
,,,,,,,,,,,
,,,,,,,,,,,
,,,,,,,,,,,
,,,,,,,,,,,
,,,,,,,,,,,
,,,,,,,,,,,
,,,,,,,,,,,
,,,,,,,,,,,
,,,,,,,,,,,
,,,,,,,,,,,
,,,,,,,,,,,
,,,,,,,,,,,
,,,,,,,,,,,
,,,,,,,,,,,
,,,,,,,,,,,
,,,,,,,,,,,
,,,,,,,,,,,
,,,,,,,,,,,
,,,,,,,,,,,
,,,,,,,,,,,
,,,,,,,,,,,
,,,,,,,,,,,
,,,,,,,,,,,
,,,,,,,,,,,
,,,,,,,,,,,
,,,,,,,,,,,
,,,,,,,,,,,
,,,,,,,,,,,
