1000个用户的编号,UID,start_time,end_time,is_metro_algo,is_metro_label,地铁站点,问题时段,备注说明,,,
1,2715,9:28:45,9:51:49,1,1,,,,,,
2,9898,17:39:29,18:41:31,0,0,,,,,,
3,21419,14:00:29,14:16:48,0,0,,,,,,
4,26878,6:13:32,6:32:20,0,0,,,,,,
5,28810,16:24:29,17:11:41,0,0,,,,,,
6,33716,18:24:58,19:10:15,0,0,,,,,,
7,52538,20:21:07,21:04:44,0,0,,,,,,
8,56571,9:43:15,10:38:18,0,1,亦庄桥-灯市口,9:43-10:21,中间站点信令缺失较多,,,
9,57316,20:43:23,21:06:09,0,0,,,,,,
10,61476,10:23:40,14:49:31,0,0,,,,,,
11,73714,17:45:09,18:28:32,0,1,白石桥南-草桥,17:52-18:20,中间站点信令缺失,,,
12,78573,8:03:24,8:32:52,1,1,,,中间站点信令缺失,,,
13,86137,17:08:15,18:02:07,0,0,,,,,,
14,113626,7:20:20,7:50:06,0,0,,,,,,
15,131065,5:38:44,6:23:51,0,0,,,,,,
16,131244,8:23:40,8:55:17,1,1,草房-东四十条,,比较显著的地铁轨迹,,,
17,131931,8:15:27,8:45:44,0,0,,,,,,
18,134270,20:01:15,22:04:22,0,0,北京首都机场打车至西城区,,比较显著的长距离驾车轨迹,,,
19,135380,17:09:00,20:00:03,0,0,,,,,,
20,150535,20:31:32,21:33:46,0,1,石榴庄-高米店北？,21:00-21:21,,,,
21,167533,8:46:51,9:36:54,0,0,,,信令缺失无法确认,,,
22,170889,7:39:04,8:18:53,0,0,,,,,,
23,172590,21:19:30,21:45:18,0,0,,,,,,
24,183853,20:07:27,20:26:39,0,0,,,,,,
25,186764,11:57:49,13:04:14,0,0,,,,,,
26,197951,20:01:24,20:37:55,0,0,,,比较显著的长距离驾车轨迹,,,
27,198691,6:44:29,8:11:55,0,0,,,,,,
28,206130,18:48:32,19:36:44,0,0,,,比较显著的长距离驾车轨迹,,,
29,251229,19:37:18,20:29:28,0,1,西单-永安里,,,,,
30,251881,9:25:31,12:20:44,0,0,,,,,,
31,257840,8:47:30,10:14:56,0,0,,,,,,
32,270035,13:38:36,14:04:35,0,0,,,,,,
33,284758,15:50:24,16:32:21,0,0,,,,,,
34,305341,8:03:33,8:20:50,1,1,,,中间站点信令缺失,,,
35,308779,18:01:35,19:34:44,0,0,,,,,,
36,315029,5:23:39,5:53:25,0,0,,,,,,
37,321700,10:15:22,10:55:50,0,0,,,,,,
38,328604,7:37:57,8:04:14,0,0,,,,,,
39,330798,8:04:47,8:35:07,0,0,,,,,,
40,338542,6:13:50,8:03:33,0,1,,,中间站点信令缺失,,,
41,344421,8:30:48,9:39:41,0,,,,,,,
42,354225,7:42:23,8:13:55,1,,,,,,,
43,360811,12:06:32,12:41:09,0,,,,,,,
44,362127,6:57:13,7:40:26,1,,,,,,,
45,396284,19:49:45,21:19:57,0,,,,,,,
46,400673,7:47:39,8:09:10,1,,,,,,,
47,403013,20:50:22,21:27:13,0,,,,,,,
48,426773,8:56:20,11:30:14,0,,,,,,,
49,430299,7:44:51,8:38:56,0,,,,,,,
50,459645,20:40:54,21:17:52,0,,,,,,,
51,468699,14:52:56,16:28:10,0,,,,,,,
52,469428,11:26:29,12:13:37,0,,,,,,,
53,488572,17:37:32,18:14:40,0,,,,,,,
54,500798,19:16:34,20:39:26,0,,,,,,,
55,515972,20:17:34,21:14:17,0,,,,,,,
56,518126,6:53:30,7:47:14,0,,,,,,,
57,559263,7:38:21,8:21:04,0,,,,,,,
58,559415,8:24:38,8:53:35,1,,,,,,,
59,559867,7:35:39,8:18:55,1,,,,,,,
60,560788,17:10:52,18:22:29,0,,,,,,,
61,586952,8:05:19,9:29:03,0,,,,,,,
62,588436,10:34:32,12:17:15,0,,,,,,,
63,618407,0:50:28,8:00:08,0,,,,,,,
64,651793,21:55:22,22:29:14,0,,,,,,,
65,652181,17:31:47,18:12:21,0,,,,,,,
66,653275,18:44:55,19:00:51,0,,,,,,,
67,656742,10:34:18,12:31:04,0,,,,,,,
68,658588,19:38:40,20:16:38,0,,,,,,,
69,664917,11:25:53,14:22:22,0,,,,,,,
70,671219,19:49:56,23:16:40,0,,,,,,,
71,677989,13:41:53,14:01:17,0,,,,,,,
72,704245,21:07:33,21:28:49,0,,,,,,,
73,710525,8:00:16,9:47:25,0,,,,,,,
74,713125,11:14:11,11:44:18,0,,,,,,,
75,730812,6:24:23,7:00:06,0,,,,,,,
76,735995,13:35:37,13:52:57,0,,,,,,,
77,774400,11:54:11,12:18:58,0,,,,,,,
78,777303,6:47:25,8:28:25,0,,,,,,,
79,791006,18:34:48,19:08:54,0,,,,,,,
80,804717,7:55:46,8:11:16,1,,,,,,,
81,815970,7:28:14,7:52:43,0,,,,,,,
82,821887,5:35:35,6:00:56,0,,,,,,,
83,827456,18:15:56,18:33:28,0,,,,,,,
84,832190,6:32:30,8:58:47,0,,,,,,,
85,849578,18:20:49,18:53:19,0,,,,,,,
86,855389,8:04:39,9:05:52,1,,,,,,,
87,856592,9:05:16,9:29:59,0,,,,,,,
88,868271,16:05:27,16:37:07,1,,,,,,,
89,870223,11:00:04,11:23:03,0,,,,,,,
90,882130,6:06:31,6:58:40,0,,,,,,,
91,900270,19:08:58,20:21:18,0,,,,,,,
92,903080,6:39:18,7:10:19,1,,,,,,,
93,916600,20:12:13,21:05:24,0,,,,,,,
94,919792,13:37:44,15:07:14,1,,,,,,,
95,925488,16:10:43,17:57:29,1,,,,,,,
96,925814,10:08:08,10:58:22,0,,,,,,,
97,969800,9:57:53,10:51:11,0,,,,,,,
98,1014575,17:59:11,19:12:42,0,,,,,,,
99,1040315,6:09:58,6:55:39,0,,,,,,,
100,1040834,20:58:02,21:14:42,0,,,,,,,
101,1057865,15:41:22,16:17:44,0,,,,,,,
102,1059439,7:35:59,7:58:09,0,0,,,去医院的道路线,,,
103,1059899,7:55:38,8:22:40,0,0,,,,,,
104,1065817,6:47:01,7:17:38,1,1,,,共10地铁站，七里庄和丰台东大街往返一站,,,
105,1076711,8:08:05,9:16:29,1,0.5,,,3个地铁站，后两个点偏离较远,,,
106,1079046,12:18:06,12:35:45,0,,,,,,,
107,1099315,15:55:48,18:43:34,0,,,,,,,
108,1105957,17:33:43,17:51:58,0,,,,,,,
109,1111194,6:19:25,7:54:41,0,,,,,,,
110,1111354,17:39:33,21:45:12,0,,,,,,,
111,1129256,9:00:30,9:42:11,1,1,,,,,,
112,1153345,9:49:03,11:00:47,0,1,,,共9个站点，第2个打点是漂远点,,,
113,1156449,19:05:03,19:41:35,0,,,,,,,
114,1164109,8:24:25,8:52:21,0,,,,,,,
115,1177255,18:51:33,19:25:26,0,,,,,,,
116,1189607,3:54:06,4:12:14,0,,,,,,,
117,1197802,7:51:03,8:33:22,1,,,,,,,
118,1204218,15:23:52,16:08:03,0,,,,,,,
119,1215682,9:28:55,9:52:36,1,,,,,,,
120,1216180,15:23:11,15:48:00,0,,,,,,,
121,1220157,19:45:37,20:14:16,0,,,,,,,
122,1227596,18:01:22,18:25:45,0,,,,,,,
123,1230983,17:37:50,18:04:10,0,,,,,,,
124,1254867,7:20:09,8:19:39,0,,,,,,,
125,1257634,7:25:31,8:29:49,0,,,,,,,
126,1269495,6:31:07,7:12:46,0,,,,,,,
127,1290546,8:45:03,9:37:56,0,,,,,,,
128,1306812,17:54:17,18:47:42,0,,,,,,,
129,1314444,7:43:11,8:11:15,1,,,,,,,
130,1329807,18:13:46,19:24:07,0,,,,,,,
131,1348746,17:48:31,18:11:05,1,,,,,,,
132,1354515,7:37:39,8:25:18,0,,,,,,,
133,1360267,19:12:09,20:33:20,0,,,,,,,
134,1362440,19:33:40,22:42:38,0,,,,,,,
135,1388674,16:37:26,17:17:24,0,,,,,,,
136,1388942,15:21:55,19:49:47,0,,,,,,,
137,1434564,16:43:59,17:00:06,0,,,,,,,
138,1446609,6:13:31,7:29:24,1,,,,,,,
139,1446709,9:21:30,10:13:44,0,,,,,,,
140,1455923,18:55:53,19:17:34,0,,,,,,,
141,1458563,16:30:45,16:54:29,0,,,,,,,
142,1467802,7:03:52,7:40:10,1,,,,,,,
143,1471047,21:08:22,21:27:37,0,,,,,,,
144,1486059,8:04:05,8:41:17,0,,,,,,,
145,1497819,8:00:11,9:00:57,0,,,,,,,
146,1506875,10:48:50,11:05:04,0,,,,,,,
147,1506918,17:59:00,19:37:57,0,,,,,,,
148,1511270,15:12:52,15:28:27,0,,,,,,,
149,1519258,16:18:15,16:45:25,0,,,,,,,
150,1520445,16:22:40,16:52:17,0,,,,,,,
151,1523314,8:17:53,9:26:40,0,,,,,,,
152,1523813,21:27:02,21:43:38,0,,,,,,,
153,1529788,14:17:19,21:21:17,0,,,,,,,
154,1543419,7:47:29,8:49:51,0,,,,,,,
155,1543807,16:21:37,17:28:20,0,,,,,,,
156,1544399,22:55:53,23:30:14,0,,,,,,,
157,1579074,14:51:12,15:40:59,0,,,,,,,
158,1602023,20:20:55,21:01:42,0,,,,,,,
159,1618158,13:19:07,15:33:28,0,,,,,,,
160,1619211,8:24:05,8:58:15,0,,,,,,,
161,1624034,5:29:34,8:42:43,0,,,,,,,
162,1625841,7:21:50,7:53:25,1,,,,,,,
163,1648547,7:45:43,11:02:24,0,,,,,,,
164,1651471,7:50:10,8:12:02,1,,,,,,,
165,1657092,12:10:10,12:40:38,0,,,,,,,
166,1661231,8:44:40,9:15:16,0,,,,,,,
167,1667515,11:23:49,11:47:31,1,,,,,,,
168,1669216,8:27:51,8:54:36,0,,,,,,,
169,1671500,11:57:49,12:16:36,0,,,,,,,
170,1676020,14:13:26,16:45:55,0,,,,,,,
171,1681618,7:31:38,8:06:31,0,,,,,,,
172,1684051,7:23:57,8:32:06,0,,,,,,,
173,1696288,8:51:19,9:08:58,1,,,,,,,
174,1701863,11:46:20,12:11:49,0,,,,,,,
175,1708360,12:45:46,13:05:21,0,,,,,,,
176,1709950,8:10:37,8:55:38,1,,,,,,,
177,1715090,9:52:51,10:17:28,1,,,,,,,
178,1719903,16:50:28,17:06:51,0,,,,,,,
179,1722871,17:40:00,18:58:33,0,,,,,,,
180,1733486,9:34:56,9:57:51,0,,,,,,,
181,1734002,17:10:33,18:13:13,0,,,,,,,
182,1740399,8:33:35,10:38:53,0,,,,,,,
183,1742502,14:55:08,17:16:15,0,,,,,,,
184,1749931,5:25:02,6:46:27,0,,,,,,,
185,1765914,9:24:01,10:17:49,0,,,,,,,
186,1767692,16:00:39,17:46:02,0,,,,,,,
187,1793591,6:01:46,6:27:59,1,,,,,,,
188,1795897,14:39:09,14:57:21,0,,,,,,,
189,1822649,7:49:28,8:14:16,1,,,,,,,
190,1839072,10:24:46,11:25:41,0,,,,,,,
191,1841776,8:47:56,9:12:42,1,,,,,,,
192,1845277,6:55:26,8:50:07,0,,,,,,,
193,1854718,21:52:18,22:40:33,0,,,,,,,
194,1858879,8:20:24,9:09:23,0,,,,,,,
195,1859403,14:38:43,15:35:32,0,,,,,,,
196,1886396,15:20:40,16:29:48,0,,,,,,,
197,1886732,8:24:29,9:34:25,1,,,,,,,
198,1892655,9:28:06,10:01:21,1,,,,,,,
199,1893307,5:04:14,5:32:23,0,,,,,,,
200,1893759,13:10:39,13:52:05,0,,,,,,,
201,1897465,7:32:12,8:00:43,1,,,,,,,
202,1901843,14:59:13,21:39:09,0,,,,,,,
203,1906653,8:22:32,8:53:32,1,,,,,,,
204,1919659,22:04:44,22:44:41,0,,,,,,,
,1920103,17:02:40,17:44:54,0,,,,,,,
,1930976,18:24:21,20:52:27,0,,,,,,,
,1960324,6:16:39,6:42:31,1,,,,,,,
,1999388,6:55:28,8:21:55,0,,,,,,,
,2006891,13:48:49,22:47:41,0,,,,,,,
,2038042,6:54:16,8:33:56,0,,,,,,,
,2039495,15:52:31,17:13:46,0,,,,,,,
,2051877,7:32:51,8:28:27,0,,,,,,,
,2055035,16:25:36,17:15:36,0,,,,,,,
,2074756,8:10:38,9:00:40,1,,,,,,,
,2076335,20:19:21,21:55:53,0,,,,,,,
,2077307,12:08:39,12:54:53,1,,,,,,,
,2081829,11:14:55,12:09:46,0,,,,,,,
,2084639,17:51:24,18:58:50,1,,,,,,,
,2087937,20:17:14,22:26:11,0,,,,,,,
,2090062,17:19:27,20:32:12,0,,,,,,,
,2099221,12:43:58,13:32:00,0,,,,,,,
,2109848,10:30:46,11:01:00,0,,,,,,,
,2150372,7:56:26,16:48:28,0,,,,,,,
,2162191,16:54:16,17:27:47,0,,,,,,,
,2167471,6:02:29,6:18:41,0,,,,,,,
,2174325,7:29:44,8:33:11,0,,,,,,,
,2175643,7:56:35,8:41:38,1,,,,,,,
,2180922,16:30:21,17:41:21,1,,,,,,,
,2183391,6:25:10,7:40:23,1,,,,,,,
,2189453,16:49:01,17:16:32,0,,,,,,,
,2195904,10:21:18,19:19:04,0,,,,,,,
,2196843,1:16:52,2:30:16,0,,,,,,,
,2228722,18:08:39,18:42:48,0,,,,,,,
,2233890,6:15:51,7:15:17,0,,,,,,,
,2234700,11:13:47,11:50:13,0,,,,,,,
,2252230,6:56:52,8:53:06,0,,,,,,,
,2252312,7:55:42,8:38:30,0,,,,,,,
,2275615,10:54:58,11:41:26,0,,,,,,,
,2282234,6:08:41,7:18:45,0,,,,,,,
,2307210,19:04:30,20:09:05,0,,,,,,,
,2327597,6:51:13,7:16:38,1,,,,,,,
,2332180,17:57:51,18:16:41,1,,,,,,,
,2332967,11:10:47,11:31:29,0,,,,,,,
,2334770,18:43:31,19:40:05,0,,,,,,,
,2334911,17:01:07,17:27:05,0,,,,,,,
,2338210,20:43:03,21:16:20,0,,,,,,,
,2345404,10:00:45,10:23:53,1,,,,,,,
,2346320,11:19:45,11:41:28,0,,,,,,,
,2346638,13:17:54,13:42:08,1,,,,,,,
,2348280,8:00:13,8:27:15,0,,,,,,,
,2358159,7:45:12,18:12:28,0,,,,,,,
,2377674,8:31:22,10:23:02,0,,,,,,,
,2387039,7:31:15,8:07:46,0,,,,,,,
,2407007,18:39:13,21:19:15,0,,,,,,,
,2417034,16:00:41,18:58:15,0,,,,,,,
,2419349,8:41:29,9:09:34,1,,,,,,,
,2426298,9:17:51,9:34:33,1,,,,,,,
,2426726,18:03:25,21:57:55,0,,,,,,,
,2431462,9:40:09,12:21:31,0,,,,,,,
,2437210,8:21:06,8:45:12,0,,,,,,,
,2438839,18:26:48,19:29:26,0,,,,,,,
,2472521,7:08:13,8:15:06,1,,,,,,,
,2476588,17:52:59,19:11:04,0,,,,,,,
,2479940,17:50:17,19:59:55,0,,,,,,,
,2496917,7:17:41,8:23:59,0,,,,,,,
,2503771,18:22:27,18:41:08,0,,,,,,,
,2509919,19:23:16,19:40:54,0,,,,,,,
,2511921,21:05:44,21:37:18,0,,,,,,,
,2518617,5:06:31,20:58:20,0,,,,,,,
,2524833,8:57:54,10:24:13,0,,,,,,,
,2527805,12:41:13,13:17:25,0,,,,,,,
,2550476,15:52:47,16:33:27,0,,,,,,,
,2554828,7:46:17,8:14:58,1,,,,,,,
,2556846,8:00:22,8:52:00,0,,,,,,,
,2560959,6:30:10,7:41:40,0,,,,,,,
,2576184,8:38:04,8:57:54,1,,,,,,,
,2587118,4:16:40,4:57:44,0,,,,,,,
,2587847,17:51:41,18:18:39,0,,,,,,,
,2590227,12:24:35,12:58:17,0,,,,,,,
,2602340,18:37:11,19:35:17,0,,,,,,,
,2616588,8:28:04,9:18:16,1,,,,,,,
,2617472,17:16:12,17:48:43,0,,,,,,,
,2621115,16:55:09,17:38:07,0,,,,,,,
,2634301,17:45:02,18:25:48,0,,,,,,,
,2639724,15:18:31,16:17:38,0,,,,,,,
,2656131,14:50:40,15:49:35,0,,,,,,,
,2687506,14:58:55,20:33:35,0,,,,,,,
,2702120,15:55:01,17:01:08,0,,,,,,,
,2712283,20:39:17,21:02:15,0,,,,,,,
,2746415,19:02:52,19:54:52,0,,,,,,,
,2764730,13:12:39,13:51:06,0,,,,,,,
,2783384,7:39:11,8:05:37,0,,,,,,,
,2799537,13:52:22,14:09:43,0,,,,,,,
,2799598,20:51:18,21:26:11,0,,,,,,,
,2830931,13:57:06,14:41:35,0,,,,,,,
,2843727,8:44:10,9:35:13,1,,,,,,,
,2853337,18:05:07,18:21:21,0,,,,,,,
,2864637,12:14:37,12:51:18,1,,,,,,,
,2870866,8:36:41,9:00:09,0,,,,,,,
,2882936,6:50:57,9:45:04,0,,,,,,,
,2888288,5:28:34,5:44:40,0,,,,,,,
,2897036,7:23:37,7:54:47,0,,,,,,,
,2902542,7:23:38,8:13:54,0,,,,,,,
,2902950,21:22:52,21:48:38,0,,,,,,,
,2915400,7:53:02,8:43:02,0,,,,,,,
,2928523,8:41:49,9:36:49,0,,,,,,,
,2930188,18:23:24,18:50:23,0,,,,,,,
,2932376,17:26:56,22:59:16,0,,,,,,,
,2950070,18:03:49,21:15:52,0,,,,,,,
,2969652,17:12:00,19:35:20,0,,,,,,,
,2990152,11:53:18,12:11:13,1,,,,,,,
,2994565,6:29:57,6:54:52,0,,,,,,,
,3002180,9:10:49,10:46:41,0,,,,,,,
,3006939,7:28:20,7:58:11,1,,,,,,,
,3007641,4:46:12,5:04:40,0,,,,,,,
,3015055,17:53:02,18:31:31,0,,,,,,,
,3021797,11:56:23,14:01:15,0,,,,,,,
,3033812,6:08:57,7:09:26,1,,,,,,,
,3042714,17:21:10,18:07:09,1,,,,,,,
,3043158,7:32:13,8:29:07,0,,,,,,,
,3051609,16:47:11,17:48:25,1,,,,,,,
,3059962,1:00:34,2:47:54,0,,,,,,,
,3060575,18:42:28,19:25:32,0,,,,,,,
,3063444,8:15:53,9:46:55,0,,,,,,,
,3074543,13:02:55,15:07:25,0,,,,,,,
,3078973,19:00:08,19:49:26,0,,,,,,,
,3086908,11:31:15,19:47:20,0,,,,,,,
,3119323,8:01:38,8:43:27,1,,,,,,,
,3126364,7:23:52,8:21:39,0,,,,,,,
,3126491,7:03:04,7:49:55,0,,,,,,,
,3132252,17:57:13,18:31:44,0,,,,,,,
,3136985,14:40:22,15:38:19,0,,,,,,,
,3172053,9:58:37,11:43:21,0,,,,,,,
,3174332,16:27:56,18:06:53,0,,,,,,,
,3175027,11:25:05,12:57:00,0,,,,,,,
,3184686,6:58:32,7:15:00,0,,,,,,,
,3193359,14:23:13,15:34:11,0,,,,,,,
,3205768,19:12:42,19:27:43,0,,,,,,,
,3210980,18:39:29,19:04:04,1,,,,,,,
,3224081,9:00:39,10:20:03,0,,,,,,,
,3225554,17:28:02,18:06:49,1,,,,,,,
,3252539,12:32:51,12:57:52,0,,,,,,,
,3256103,11:13:31,12:10:02,0,,,,,,,
,3270242,20:23:05,21:48:49,0,,,,,,,
,3278969,22:50:58,23:23:56,1,,,,,,,
,3284880,6:02:36,6:39:42,0,,,,,,,
,3287804,5:58:42,6:18:09,1,,,,,,,
,3310197,5:29:57,5:52:15,1,,,,,,,
,3319412,10:24:38,14:00:04,0,,,,,,,
,3334646,17:30:05,19:03:26,0,,,,,,,
,3335292,7:39:51,8:17:49,1,,,,,,,
,3349170,14:25:29,15:55:54,1,,,,,,,
,3357373,15:40:13,16:30:06,0,,,,,,,
,3364226,13:27:30,14:01:53,0,,,,,,,
,3389379,16:01:02,17:47:02,0,,,,,,,
,3394546,7:59:58,8:23:54,0,,,,,,,
,3400782,9:50:29,10:48:18,0,,,,,,,
,3407617,7:49:16,8:07:15,1,,,,,,,
,3421087,13:54:50,14:24:22,0,,,,,,,
,3429657,20:10:38,21:52:42,0,,,,,,,
,3452913,12:44:44,18:14:43,0,,,,,,,
,3463172,19:40:52,20:13:23,0,,,,,,,
,3486745,20:05:59,20:33:09,0,,,,,,,
,3487264,18:35:03,19:41:12,0,,,,,,,
,3509647,6:45:09,7:47:55,0,,,,,,,
,3513896,17:45:40,19:06:37,0,,,,,,,
,3514684,10:11:31,10:44:24,0,,,,,,,
,3531482,7:15:38,7:42:06,1,,,,,,,
,3533424,5:07:15,5:57:11,0,,,,,,,
,3534990,7:23:52,7:54:52,1,,,,,,,
,3535132,20:40:04,21:02:37,0,,,,,,,
,3553576,9:05:50,9:23:49,1,,,,,,,
,3561521,12:13:38,13:00:33,0,,,,,,,
,3579604,10:58:58,11:46:57,0,,,,,,,
,3592607,7:09:03,7:49:05,0,,,,,,,
,3598985,16:25:01,17:55:21,0,,,,,,,
,3604468,7:29:09,8:46:04,0,,,,,,,
,3606229,20:29:22,21:18:25,0,,,,,,,
,3611826,18:43:38,19:57:44,0,,,,,,,
,3617347,9:14:09,9:37:17,0,,,,,,,
,3625130,20:06:15,20:29:58,0,,,,,,,
,3630440,9:32:14,20:24:29,0,,,,,,,
,3631462,15:00:27,16:07:31,0,,,,,,,
,3633380,13:30:39,14:25:10,0,,,,,,,
,3643590,12:46:40,14:04:33,0,,,,,,,
,3644428,6:33:22,7:12:56,0,,,,,,,
,3656906,16:06:21,17:45:16,0,,,,,,,
,3677493,8:51:02,9:37:17,1,,,,,,,
,3682794,0:46:48,1:21:21,0,,,,,,,
,3684332,15:20:24,16:12:20,0,,,,,,,
,3689490,8:14:24,10:23:47,0,,,,,,,
,3695390,7:00:27,8:26:52,0,,,,,,,
,3701944,11:38:15,12:08:35,0,,,,,,,
,3708764,14:03:16,14:47:55,1,,,,,,,
,3713783,12:26:01,16:52:34,0,,,,,,,
,3724253,16:18:12,18:00:57,1,,,,,,,
,3726732,19:07:22,19:24:28,0,,,,,,,
,3736503,7:56:54,8:44:25,1,,,,,,,
,3750469,6:22:25,6:45:23,0,,,,,,,
,3771258,17:54:16,19:34:22,0,,,,,,,
,3795047,6:34:13,7:43:31,0,0.5,7:17:18-7:43:31,,,,,
,3820666,8:53:28,9:42:32,1,1,,,,,,
,3842128,5:53:47,7:18:03,0,0,,,,,,
,3857225,16:26:46,19:09:08,0,0,,,,,,
,3880918,7:51:25,8:13:34,0,0,,,,,,
,3882263,18:36:49,20:23:11,0,0,,,,,,
,3888377,12:09:21,12:24:25,0,0,,,,,,
,3888965,17:05:57,20:38:25,0,0,,,,,,
,3895591,3:56:05,4:44:15,0,0,,,,,,
,3900031,6:13:32,6:29:55,0,0,,,,,,
,3939663,16:34:55,16:55:27,0,0,,,,,,
,3947560,6:58:10,19:57:22,0,0.5,后沙峪-安立路,7:07:59-8:09:41,信令缺失,19:07:17-19:37:07,金台路-后沙峪,信令缺失
,3967978,8:13:26,8:35:04,1,1,,,,,,
,3974129,17:32:01,18:03:24,0,0,,,,,,
,3979111,16:09:15,16:27:27,0,0,,,,,,
,3980782,7:09:54,7:43:29,0,0,,,,,,
,3985295,8:12:21,9:08:19,1,1,,,,,,
,3991499,17:19:10,18:01:24,0,,,,,,,
,3992518,22:30:46,22:48:23,0,,,,,,,
,4003766,12:48:24,13:19:15,0,,,,,,,
,4013363,17:23:46,18:23:27,0,,,,,,,
,4014587,18:13:51,19:25:20,0,,,,,,,
,4015185,7:48:41,8:35:44,1,,,,,,,
,4026079,20:15:04,20:52:58,0,,,,,,,
,4037915,10:26:51,11:42:40,0,,,,,,,
,4046262,5:49:50,6:05:11,1,,,,,,,
,4072134,12:11:55,13:17:24,0,,,,,,,
,4072365,18:18:45,19:06:07,0,,,,,,,
,4086822,8:07:32,8:30:53,0,,,,,,,
,4089387,8:32:32,18:59:44,0,,,,,,,
,4109041,9:11:25,11:43:06,0,,,,,,,
,4122593,11:31:16,12:00:02,0,,,,,,,
,4149419,16:31:11,17:42:34,0,,,,,,,
,4150161,7:25:24,12:32:25,0,,,,,,,
,4162756,8:05:51,8:55:52,0,,,,,,,
,4168486,6:00:27,6:18:47,0,,,,,,,
,4178585,7:19:49,8:15:04,0,,,,,,,
,4195629,19:29:40,19:55:14,0,,,,,,,
,4197541,16:54:46,18:54:20,0,,,,,,,
,4201519,15:00:44,15:31:30,1,,,,,,,
,4203823,18:04:38,19:14:57,0,,,,,,,
,4204477,16:56:26,17:21:23,0,,,,,,,
,4210496,6:37:43,8:31:38,0,,,,,,,
,4221782,19:16:18,20:26:12,0,,,,,,,
,4228073,20:38:09,21:10:50,0,,,,,,,
,4237723,17:39:23,19:14:36,0,,,,,,,
,4242737,8:55:40,9:22:43,1,,,,,,,
,4253629,6:17:40,7:59:18,0,,,,,,,
,4256782,7:25:34,8:00:57,0,,,,,,,
,4261792,8:28:00,8:48:37,1,,,,,,,
,4282847,8:57:11,9:46:45,0,,,,,,,
,4285815,14:12:16,15:10:25,0,,,,,,,
,4288990,18:20:40,19:10:45,0,,,,,,,
,4321539,6:09:05,7:50:08,0,,,,,,,
,4325579,15:40:09,16:17:07,0,,,,,,,
,4326906,11:58:25,12:34:09,0,,,,,,,
,4333565,17:30:24,17:49:48,0,,,,,,,
,4345305,16:17:12,17:43:34,0,,,,,,,
,4347268,6:40:25,7:46:17,0,,,,,,,
,4372233,7:59:00,9:00:21,1,,,,,,,
,4375183,13:47:22,14:39:58,0,,,,,,,
,4385520,4:03:20,4:31:36,0,,,,,,,
,4401541,14:49:47,15:31:04,1,,,,,,,
,4407937,17:17:54,19:57:02,0,,,,,,,
,4411627,17:00:10,17:29:28,0,,,,,,,
,4426028,8:32:58,8:52:31,1,,,,,,,
,4426468,9:00:36,9:30:22,0,,,,,,,
,4430665,11:13:39,11:52:06,0,,,,,,,
,4431019,14:09:15,14:43:58,0,,,,,,,
,4459551,19:03:40,22:38:39,0,,,,,,,
,4459819,11:33:27,12:17:15,0,,,,,,,
,4482807,20:00:07,21:27:31,1,,,,,,,
,4484127,7:34:28,8:14:29,0,,,,,,,
,4485441,22:51:52,23:39:13,0,,,,,,,
,4497837,12:47:27,13:03:53,0,,,,,,,
,4511669,18:05:59,18:43:39,0,,,,,,,
,4522489,13:18:53,16:00:22,0,,,,,,,
,4529123,6:51:10,7:28:25,1,,,,,,,
,4555553,12:07:35,12:42:25,0,,,,,,,
,4575481,15:54:08,16:26:53,1,,,,,,,
,4576382,9:49:21,10:10:36,0,,,,,,,
,4579223,12:27:47,13:16:54,0,,,,,,,
,4592034,14:40:20,15:04:53,1,,,,,,,
,4608017,9:30:55,9:47:49,0,,,,,,,
,4611299,19:10:08,20:09:56,0,,,,,,,
,4616354,17:55:28,19:14:27,0,,,,,,,
,4620884,7:02:23,7:49:07,0,,,,,,,
,4628768,6:08:54,7:26:05,0,,,,,,,
,4630267,11:07:18,11:24:48,0,,,,,,,
,4645154,16:25:36,16:46:47,0,,,,,,,
,4646595,5:19:39,6:09:40,0,,,,,,,
,4649772,16:43:28,17:24:13,0,,,,,,,
,4654348,10:53:42,11:36:09,1,,,,,,,
,4661700,12:10:49,12:45:17,1,,,,,,,
,4670535,5:35:45,14:05:04,0,,,,,,,
,4699428,14:12:05,14:30:36,0,,,,,,,
,4710214,16:57:05,17:53:06,0,,,,,,,
,4719005,5:59:03,8:21:34,0,,,,,,,
,4761747,16:25:56,16:49:50,1,,,,,,,
,4764336,8:57:16,10:19:04,0,,,,,,,
,4768181,19:14:27,19:46:30,0,,,,,,,
,4784426,6:34:16,7:35:05,0,,,,,,,
,4793107,10:41:14,12:09:00,0,,,,,,,
,4793115,8:51:59,9:49:27,0,,,,,,,
,4801589,14:03:37,14:22:59,0,,,,,,,
,4820920,9:10:51,9:32:43,0,,,,,,,
,4824645,13:40:13,14:03:47,0,,,,,,,
,4826596,6:33:39,8:30:52,0,,,,,,,
,4837534,18:04:26,19:07:42,0,,,,,,,
,4838688,16:48:00,18:03:48,0,,,,,,,
,4844498,11:57:49,12:20:39,0,,,,,,,
,4849406,20:00:35,20:24:20,0,,,,,,,
,4852852,11:00:16,11:19:00,0,,,,,,,
,4857022,7:56:27,8:11:45,0,,,,,,,
,4858736,14:08:19,14:24:03,0,,,,,,,
,4876366,21:04:46,21:24:21,0,,,,,,,
,4878956,17:38:38,17:57:43,0,,,,,,,
,4879234,11:42:33,14:18:57,0,,,,,,,
,4882220,7:42:37,8:46:56,0,,,,,,,
,4889513,18:34:37,19:22:17,0,,,,,,,
,4892914,15:18:26,19:06:26,0,,,,,,,
,4899201,14:25:28,14:53:48,0,,,,,,,
,4903306,9:02:19,12:10:35,0,,,,,,,
,4921618,9:00:11,9:16:31,0,,,,,,,
,4927733,6:31:24,6:57:47,1,,,,,,,
,4929643,11:33:47,11:53:40,0,,,,,,,
,4937733,18:33:20,20:08:17,0,,,,,,,
,4943856,9:21:36,10:02:21,1,,,,,,,
,4951965,17:20:04,17:43:39,1,,,,,,,
,4962570,9:12:07,9:59:37,0,,,,,,,
,4964324,3:41:53,4:42:36,0,,,,,,,
,4969737,9:18:48,11:50:45,0,,,,,,,
,4980699,12:37:57,13:31:23,0,,,,,,,
,5002855,16:55:13,17:23:41,0,,,,,,,
,5025039,15:46:42,16:24:20,0,,,,,,,
,5029684,16:01:22,17:18:42,0,,,,,,,
,5035733,7:22:23,11:09:12,0,,,,,,,
,5053077,17:34:09,18:46:12,0,,,,,,,
,5067807,19:03:21,20:00:42,0,,,,,,,
,5076936,9:45:43,10:11:24,0,,,,,,,
,5079047,9:36:42,10:03:08,0,,,,,,,
,5085931,16:28:41,17:33:40,0,,,,,,,
,5099573,20:02:06,20:40:35,0,,,,,,,
,5099812,6:26:46,7:18:38,0,,,,,,,
,5106017,21:46:31,22:47:47,0,,,,,,,
,5124763,7:10:02,7:53:22,1,,,,,,,
,5141537,9:02:30,9:55:20,1,,,,,,,
,5171159,6:26:16,7:18:29,1,,,,,,,
,5266098,8:11:21,8:26:31,1,,,,,,,
,5291714,16:06:18,16:50:52,1,,,,,,,
,5296324,10:15:51,10:35:44,1,,,,,,,
,5430553,8:48:46,9:39:41,1,,,,,,,
,5651995,11:41:41,12:05:27,1,,,,,,,
,5671520,6:05:31,6:40:30,1,,,,,,,
,5677131,20:13:30,20:30:11,1,,,,,,,
,5763757,5:49:39,6:10:06,1,,,,,,,
,5833434,6:53:22,7:36:46,1,,,,,,,
,5914429,7:42:48,8:23:27,1,,,,,,,
,6018800,8:03:51,8:45:28,1,,,,,,,
,6024663,8:02:56,8:44:56,1,,,,,,,
,6190103,7:50:42,8:09:35,1,,,,,,,
,6299726,7:27:55,8:14:26,1,,,,,,,
,6333212,8:35:31,9:02:23,1,,,,,,,
,6450828,7:44:59,8:11:37,1,,,,,,,
,6488589,8:24:41,8:42:03,1,,,,,,,
,6724919,9:00:07,9:40:06,1,,,,,,,
,6836982,7:39:02,8:35:26,1,,,,,,,
,6901862,8:54:13,9:50:02,1,,,,,,,
,6925052,15:10:31,15:55:44,1,,,,,,,
,6952349,18:54:39,19:47:50,1,,,,,,,
,6965463,17:30:51,18:21:28,1,,,,,,,
,7015513,17:48:11,18:17:59,1,,,,,,,
,7088114,10:51:49,11:28:04,1,,,,,,,
,7291980,14:23:02,14:47:27,1,,,,,,,
,7311723,8:14:48,8:41:01,1,,,,,,,
,7488393,7:47:31,8:48:16,1,,,,,,,
,7500019,10:53:18,11:13:18,1,,,,,,,
,7534274,8:04:13,9:01:40,1,,,,,,,
,7595501,21:32:06,21:50:51,1,,,,,,,
,7645196,8:18:45,8:52:03,1,,,,,,,
,7672316,7:54:36,8:15:27,1,,,,,,,
,7692453,19:50:06,20:49:57,1,,,,,,,
,7738750,8:07:32,9:33:15,1,,,,,,,
,7903077,17:49:04,18:18:26,1,,,,,,,
,7929211,15:30:26,16:22:50,1,,,,,,,
,8052890,8:14:02,8:59:07,1,,,,,,,
,8146107,7:43:49,8:32:32,1,,,,,,,
,8171496,8:16:12,9:21:38,1,,,,,,,
,8192900,22:13:35,22:32:56,1,,,,,,,
,8255659,19:23:01,20:08:18,1,,,,,,,
,8304899,16:14:34,16:39:52,1,,,,,,,
,8332430,18:30:09,18:58:59,1,,,,,,,
,8367374,7:24:28,7:49:36,1,,,,,,,
,8430518,8:17:37,8:46:15,1,,,,,,,
,8474174,20:01:09,20:45:56,1,,,,,,,
,8503006,7:46:38,8:14:35,1,,,,,,,
,8556778,7:42:21,8:18:27,1,,,,,,,
,8562682,7:24:51,8:29:03,1,,,,,,,
,8596247,18:11:07,18:29:13,1,,,,,,,
,8742410,6:35:40,7:30:23,1,,,,,,,
,8811888,9:12:21,9:48:26,1,1,,,,,,
,8873599,7:02:52,8:11:22,1,1,7:27:06-7:50:16,此段轨迹异常,明显地铁轨迹,,,
,8993420,6:28:25,6:54:11,1,1,,,,,,
,9016334,8:23:45,8:49:00,1,1,,,,,,
,9228407,20:10:36,20:28:47,1,1,,,,,,
,9261315,8:21:43,8:55:31,1,1,,,,,,
,9294098,8:50:59,9:59:04,1,1,,,,,,
,9304050,7:38:51,8:11:48,1,1,,,,,,
,9311579,21:19:18,21:50:00,1,1,,,,,,
,9325250,14:21:51,14:39:00,1,0,,,,,,
,9370021,8:36:29,9:24:27,1,1,,,,,,
,9410939,14:58:50,15:56:03,1,1,,,,,,
,9425428,10:57:38,11:47:44,1,1,,,,,,
,9468194,7:34:19,7:50:22,1,0,,,,,,
,9495834,7:27:55,8:22:50,1,1,,,,,,
,9693295,9:27:44,9:54:22,1,1,,,,,,
,9791667,6:59:25,7:52:09,1,1,,,,,,
,9829123,7:40:10,8:08:04,1,1,,,,,,
,9849382,8:20:40,8:44:25,1,1,,,,,,
,9894780,6:37:14,6:52:43,1,0,,,,,,
,9915570,8:13:03,8:47:58,1,0,,,,,,
,9916768,8:25:04,9:13:22,1,0,信令缺失无法确认,,,,,
,9923651,9:05:50,10:01:50,1,,,,,,,
,9966323,8:12:26,9:02:25,1,,,,,,,
,10008060,9:15:48,9:51:32,1,,,,,,,
,10053099,7:48:33,9:04:46,1,,,,,,,
,10103979,8:30:09,9:19:10,1,,,,,,,
,10233093,10:30:55,11:34:13,1,,,,,,,
,10281430,8:23:36,8:56:43,1,,,,,,,
,10285235,11:04:37,11:57:22,1,,,,,,,
,10433992,6:53:41,7:28:06,1,,,,,,,
,10474513,8:16:53,8:47:57,1,,,,,,,
,10481962,9:45:36,10:57:45,1,,,,,,,
,10530386,21:16:39,21:39:17,1,,,,,,,
,10546688,7:46:12,8:11:38,1,,,,,,,
,10553787,14:48:18,15:37:36,1,,,,,,,
,10561696,17:37:45,18:01:07,1,,,,,,,
,10750008,9:18:25,9:39:42,1,,,,,,,
,10829338,6:46:38,8:08:38,1,,,,,,,
,10947719,18:10:40,18:39:43,1,,,,,,,
,11005189,7:40:59,8:20:03,1,,,,,,,
,11018917,9:04:51,9:38:17,1,,,,,,,
,11033139,15:28:53,15:46:45,1,,,,,,,
,11131692,14:11:42,15:27:01,1,,,,,,,
,11133151,8:26:18,10:05:25,1,,,,,,,
,11167295,6:16:39,7:05:21,1,,,,,,,
,11333281,7:28:20,8:26:19,1,,,,,,,
,11366258,8:58:15,10:14:54,1,,,,,,,
,11505072,14:33:34,15:07:31,1,,,,,,,
,11575129,18:39:13,18:55:40,1,,,,,,,
,11637366,7:31:17,8:07:34,1,,,,,,,
,11764534,8:36:09,9:03:48,1,,,,,,,
,11951619,17:54:47,18:23:06,1,,,,,,,
,11956635,17:29:41,17:52:17,1,,,,,,,
,11984847,5:45:23,6:33:43,1,,,,,,,
,12000922,7:57:37,8:34:12,1,,,,,,,
,12074256,9:19:26,10:05:45,1,,,,,,,
,12075717,7:20:28,7:51:14,1,,,,,,,
,12076311,7:56:15,8:12:37,1,,,,,,,
,12082517,12:09:37,13:00:33,1,,,,,,,
,12088403,8:35:58,8:58:01,1,,,,,,,
,12141600,8:51:26,9:47:07,1,,,,,,,
,12273953,13:50:37,14:23:05,1,,,,,,,
,12275789,7:25:56,8:03:33,1,,,,,,,
,12299259,11:34:31,12:26:06,1,,,,,,,
,12318987,8:04:30,8:20:32,1,,,,,,,
,12423265,11:10:06,11:48:45,1,,,,,,,
,12457268,5:37:47,5:54:16,1,,,,,,,
,12466882,6:45:01,7:40:48,1,,,,,,,
,12510040,8:22:28,9:14:37,1,,,,,,,
,12526243,6:06:30,7:00:17,1,,,,,,,
,12624638,9:37:05,10:09:30,1,,,,,,,
,12666951,9:02:27,9:47:00,1,,,,,,,
,12731674,9:13:48,9:42:23,1,,,,,,,
,12750516,8:14:57,9:16:16,1,,,,,,,
,12757156,12:00:09,12:22:43,1,,,,,,,
,12795195,20:48:31,21:59:02,1,,,,,,,
,12829518,11:08:08,11:47:32,1,,,,,,,
,12984104,5:09:40,6:29:56,1,,,,,,,
,13018135,7:01:38,8:12:07,1,,,,,,,
,13075437,7:05:40,8:46:21,1,,,,,,,
,13103610,8:31:45,8:56:02,1,,,,,,,
,13120576,15:46:50,16:24:59,1,,,,,,,
,13231814,7:54:04,8:23:00,1,,,,,,,
,13288613,8:50:29,9:15:52,1,,,,,,,
,13357384,12:22:50,12:39:15,1,,,,,,,
,13500258,8:17:46,8:44:40,1,,,,,,,
,13544415,9:02:56,9:22:56,1,,,,,,,
,13546523,14:32:37,15:05:46,1,,,,,,,
,13559769,7:25:10,7:58:18,1,,,,,,,
,13564564,9:39:59,10:39:04,1,,,,,,,
,13662204,8:30:05,8:54:28,1,,,,,,,
,13689979,7:20:07,8:21:03,1,,,,,,,
,13826496,14:14:34,14:55:40,1,,,,,,,
,13848335,14:28:47,15:19:47,1,,,,,,,
,13888187,14:49:51,15:41:10,1,,,,,,,
,14103774,12:39:28,13:30:42,1,,,,,,,
,14115952,10:28:35,11:13:09,1,,,,,,,
,14238290,18:24:31,18:54:20,1,,,,,,,
,14313955,7:14:02,8:03:52,1,,,,,,,
,14327721,7:41:01,8:09:49,1,,,,,,,
,14371816,7:41:19,8:23:18,1,,,,,,,
,14406668,7:35:28,8:16:27,1,,,,,,,
,14508574,18:10:31,18:50:30,1,,,,,,,
,14593544,7:51:26,8:13:33,1,,,,,,,
,14666682,12:47:25,13:21:25,1,,,,,,,
,14739236,8:47:14,9:16:49,1,,,,,,,
,14785883,7:57:37,8:35:43,1,,,,,,,
,14837445,14:42:58,15:47:03,1,,,,,,,
,14868409,8:33:14,8:51:18,1,,,,,,,
,14871152,9:41:21,10:22:14,1,,,,,,,
,14884281,7:46:32,8:38:41,1,,,,,,,
,14936179,6:44:59,7:11:02,1,,,,,,,
,14948581,8:15:19,8:53:45,1,,,,,,,
,15059110,14:38:49,15:09:28,1,,,,,,,
,15150013,13:40:33,13:58:10,1,,,,,,,
,15185636,7:41:48,8:43:43,1,,,,,,,
,15316211,8:01:12,8:42:33,1,,,,,,,
,15493019,7:55:02,8:18:54,1,,,,,,,
,15514726,10:10:48,11:03:19,1,,,,,,,
,15618887,7:02:41,7:33:55,1,,,,,,,
,15643903,7:54:26,8:36:33,1,,,,,,,
,15697904,15:49:10,16:11:46,1,,,,,,,
,15776550,12:55:31,13:56:38,1,,,,,,,
,15780138,7:24:49,8:00:26,1,,,,,,,
,15874479,15:28:27,15:57:31,1,,,,,,,
,15892355,19:31:42,20:01:21,1,,,,,,,
,16057206,12:56:31,13:16:57,1,,,,,,,
,16113763,9:43:12,10:34:56,1,,,,,,,
,16139640,8:16:16,8:41:19,1,,,,,,,
,16146793,7:36:49,8:18:23,1,,,,,,,
,16186114,18:48:20,19:03:46,1,,,,,,,
,16192590,7:01:28,7:25:07,1,,,,,,,
,16270839,6:39:48,7:02:15,1,,,,,,,
,16337865,7:46:09,22:12:36,1,,,,,,,
,16555195,9:09:53,10:27:18,1,,,,,,,
,16653926,8:18:52,9:08:31,1,,,,,,,
,16672241,21:28:35,21:54:48,1,,,,,,,
,16756337,8:29:18,8:45:52,1,,,,,,,
,16773189,10:04:11,10:52:00,1,,,,,,,
,16784167,6:44:23,7:58:05,1,,,,,,,
,16818802,21:20:09,21:36:56,1,,,,,,,
,16877587,8:04:56,8:51:14,1,,,,,,,
,16877602,16:13:43,16:54:52,1,,,,,,,
,16888675,18:35:24,19:19:47,1,,,,,,,
,16926196,7:56:40,8:37:34,1,,,,,,,
,16962190,20:48:30,22:05:11,1,,,,,,,
,17077903,8:10:10,9:03:32,1,,,,,,,
,17186217,7:50:26,8:23:03,1,,,,,,,
,17191030,13:08:46,13:38:41,1,,,,,,,
,17230083,7:29:39,8:18:58,1,,,,,,,
,17262913,8:27:09,8:56:23,1,,,,,,,
,17275988,18:08:40,18:30:22,1,,,,,,,
,17383455,8:46:14,9:17:28,1,,,,,,,
,17409220,14:41:59,15:05:26,1,,,,,,,
,17453235,7:32:17,8:06:44,1,,,,,,,
,17517318,16:34:38,17:33:01,1,,,,,,,
,17715257,20:24:12,21:00:43,1,,,,,,,
,17733683,6:13:29,6:48:28,1,,,,,,,
,17740213,8:23:15,8:50:33,1,,,,,,,
,17807470,10:11:04,10:55:52,1,,,,,,,
,17877882,13:22:26,14:12:03,1,,,,,,,
,17884173,9:13:52,10:11:10,1,,,,,,,
,17961069,18:15:19,18:31:24,1,,,,,,,
,17996628,6:16:47,7:12:35,1,,,,,,,
,18006734,7:29:24,19:45:24,1,,,,,,,
,18081233,7:23:50,7:51:46,1,,,,,,,
,18261815,12:57:25,13:49:30,1,,,,,,,
,18262542,7:05:04,8:23:35,1,,,,,,,
,18431220,10:40:46,10:57:00,1,,,,,,,
,18523328,7:33:39,8:05:14,1,,,,,,,
,18648519,8:08:03,9:06:37,1,,,,,,,
,18773649,6:03:19,6:46:43,1,,,,,,,
,18798067,7:54:09,8:33:08,1,,,,,,,
,18818450,7:04:42,8:37:12,1,,,,,,,
,18831949,6:09:32,6:45:55,1,,,,,,,
,18908088,9:52:59,10:17:20,1,,,,,,,
,18956771,21:10:38,22:04:21,1,,,,,,,
,19035820,6:52:25,7:24:51,1,,,,,,,
,19112243,6:37:19,7:29:55,1,,,,,,,
,19116410,18:56:25,19:51:48,1,,,,,,,
,19125413,17:03:23,17:30:17,1,,,,,,,
,19197338,12:20:38,12:51:50,1,,,,,,,
,19244871,7:40:01,8:18:37,1,,,,,,,
,19276167,18:21:47,18:50:44,1,,,,,,,
,19313297,7:46:32,8:03:33,1,,,,,,,
,19508099,8:27:20,9:26:52,1,,,,,,,
,19540655,6:58:05,7:37:57,1,,,,,,,
,19648617,7:33:14,7:51:41,1,,,,,,,
,19668358,8:25:23,8:43:35,1,,,,,,,
,19691166,8:55:55,9:23:40,1,,,,,,,
,19695776,8:27:37,9:00:05,1,,,,,,,
,19708075,8:12:05,8:51:28,1,,,,,,,
,19746567,8:32:52,9:04:49,1,,,,,,,
,19802380,7:46:16,8:06:55,1,,,,,,,
,19855874,8:48:18,9:48:33,1,,,,,,,
,19884553,9:13:05,9:53:54,1,,,,,,,
,19887616,8:10:51,8:48:26,1,,,,,,,
,19894434,13:11:10,13:31:32,1,,,,,,,
,19910241,20:34:57,21:13:47,1,,,,,,,
,19958544,9:08:07,9:33:20,1,,,,,,,
,20054979,8:14:38,9:13:00,1,,,,,,,
,20192862,14:14:30,14:36:08,1,,,,,,,
,20214216,21:07:47,21:29:15,1,,,,,,,
,20291588,8:00:54,8:32:02,1,,,,,,,
,20379681,11:13:24,11:57:43,1,,,,,,,
,20523085,8:33:46,8:53:25,1,,,,,,,
,20536558,7:39:55,8:14:56,1,,,,,,,
,20614185,8:16:39,9:20:37,1,,,,,,,
,20648116,6:44:53,7:35:11,1,,,,,,,
,20712376,8:05:22,8:37:39,1,,,,,,,
,20734293,18:11:52,18:30:38,1,,,,,,,
,20798688,7:55:32,8:43:01,1,,,,,,,
,20805080,6:29:00,6:45:03,1,,,,,,,
,20854029,9:13:23,9:39:11,1,,,,,,,
,20887834,7:02:49,7:30:18,1,,,,,,,
,20924029,6:58:39,8:13:38,1,,,,,,,
,20956489,8:29:14,8:59:03,1,,,,,,,
,21101797,14:30:21,15:08:05,1,,,,,,,
,21152100,16:04:34,16:49:09,1,,,,,,,
,21188881,8:29:28,8:59:10,1,,,,,,,
,21254860,8:45:24,9:12:33,1,,,,,,,
,21311220,7:19:26,7:34:27,1,,,,,,,
,21327797,8:06:43,8:25:58,1,,,,,,,
,21336232,7:33:27,8:22:11,1,,,,,,,
,21376808,10:37:45,11:16:47,1,,,,,,,
,21497601,10:34:08,11:42:23,1,,,,,,,
,21558838,7:20:21,7:45:41,1,,,,,,,
,21611327,7:41:29,8:16:06,1,,,,,,,
,21636345,7:23:49,8:29:55,1,,,,,,,
,21728948,9:16:30,9:44:03,1,,,,,,,
,21777038,8:17:52,8:42:11,1,,,,,,,
,21835714,8:27:48,8:47:34,1,,,,,,,
,21940672,14:28:18,14:57:00,1,,,,,,,
,21972592,7:00:10,7:23:05,1,,,,,,,
,22025517,13:21:21,14:15:59,1,,,,,,,
,22038634,7:53:50,8:29:54,1,,,,,,,
,22043606,19:23:22,19:48:59,1,,,,,,,
,22102696,8:46:18,9:07:09,1,,,,,,,
,22103076,8:31:20,8:49:46,1,,,,,,,
,22108676,8:00:54,8:54:17,1,,,,,,,
,22121439,6:02:23,6:21:39,1,,,,,,,
,22134298,6:38:55,7:43:47,1,,,,,,,
,22149576,8:19:12,8:58:49,1,,,,,,,
,22173017,7:29:22,8:24:50,1,,,,,,,
,22177257,8:26:53,8:57:16,1,,,,,,,
,22187479,15:48:52,16:45:53,1,,,,,,,
,22209929,6:26:52,6:45:45,1,,,,,,,
,22255644,10:48:16,11:39:03,1,,,,,,,
,22288907,7:09:56,8:06:49,1,,,,,,,
,22289260,8:27:36,9:08:46,1,,,,,,,
,22321527,17:36:23,17:59:16,1,,,,,,,
,22451086,7:31:45,8:03:09,1,,,,,,,
,22557150,7:40:26,8:26:59,1,,,,,,,
,22594425,8:13:31,8:53:23,1,,,,,,,
,22607200,6:40:29,21:08:00,1,,,,,,,
,22621563,7:11:01,7:49:42,1,,,,,,,
,22630224,10:01:04,10:29:55,1,,,,,,,
,22645997,13:39:29,14:04:32,1,,,,,,,
,22658879,15:53:43,16:25:42,1,,,,,,,
,22867631,12:07:28,12:24:32,1,,,,,,,
,22869577,7:31:41,8:17:40,1,,,,,,,
,22921412,7:39:53,8:01:32,1,,,,,,,
,23007788,14:09:43,14:36:40,1,,,,,,,
,23007944,8:34:57,8:54:19,1,,,,,,,
,23020868,6:54:06,7:17:05,1,,,,,,,
,23081112,8:22:48,8:51:40,1,,,,,,,
,23094833,7:40:16,8:25:35,1,,,,,,,
,23104943,7:19:53,7:51:43,1,,,,,,,
,23170744,7:37:39,8:22:28,1,,,,,,,
,23185779,12:51:55,13:45:41,1,,,,,,,
,23189800,7:59:14,8:28:31,1,,,,,,,
,23269823,7:07:09,7:40:30,1,,,,,,,
,23271982,20:39:22,21:03:47,1,,,,,,,
,23434241,8:36:21,9:16:18,1,,,,,,,
,23564269,17:15:15,18:24:19,1,,,,,,,
,23599887,17:17:49,18:54:10,1,,,,,,,
,23670051,13:22:14,13:57:50,1,,,,,,,
,23736534,22:50:02,23:21:49,1,,,,,,,
,24085031,8:04:18,8:56:44,1,,,,,,,
,24168243,8:24:16,8:49:45,1,,,,,,,
,24324767,8:58:20,9:49:21,1,,,,,,,
,24491165,18:10:03,18:32:41,1,,,,,,,
,24525127,6:21:33,6:46:58,1,,,,,,,
,24566577,7:40:41,8:57:58,1,,,,,,,
,24598604,16:20:23,17:02:10,1,,,,,,,
,24711270,11:16:00,11:52:31,1,,,,,,,
,24746438,8:38:38,9:07:54,1,,,,,,,
,24892727,7:17:40,8:03:12,1,,,,,,,
,24949706,8:04:39,8:25:11,1,,,,,,,
,24984706,8:22:42,8:38:37,1,,,,,,,
,24989880,18:03:11,18:23:22,1,,,,,,,
,25276960,7:43:26,8:07:21,1,,,,,,,
,25279139,8:15:42,8:50:34,1,,,,,,,
,25440213,18:52:27,19:19:56,1,,,,,,,
,25441375,17:38:50,18:15:41,1,,,,,,,
,25475119,8:15:23,8:36:02,1,,,,,,,
,25482881,7:53:07,8:27:24,1,,,,,,,
,25495882,15:18:09,15:49:35,1,,,,,,,
,25502491,6:18:19,6:46:31,1,,,,,,,
,25558119,9:12:50,9:48:54,1,,,,,,,
,25572684,7:34:57,8:15:43,1,,,,,,,
,25581895,22:50:30,23:25:41,1,,,,,,,
,25728459,20:38:55,21:04:39,1,,,,,,,
,25811085,21:03:09,21:52:13,1,,,,,,,
,25868333,7:49:13,8:23:48,1,,,,,,,
,25928067,13:32:27,14:00:56,1,,,,,,,
,25964098,5:09:31,5:53:38,1,,,,,,,
,25985220,7:34:25,8:05:15,1,,,,,,,
,26013881,8:30:45,9:40:17,1,,,,,,,
,26058597,13:25:25,14:04:23,1,,,,,,,
,26076492,18:13:58,18:43:23,1,,,,,,,
,26111370,6:17:16,7:04:37,1,,,,,,,
,26122731,7:51:07,8:46:17,1,,,,,,,
,26347150,9:18:08,11:10:32,1,,,,,,,
,26433168,9:36:57,10:09:56,1,,,,,,,
,26436799,18:07:26,18:26:53,1,,,,,,,
,26479526,8:13:50,8:58:56,1,,,,,,,
,26543519,8:22:12,8:56:07,1,,,,,,,
,26641343,9:24:51,10:42:34,1,,,,,,,
,26720144,7:19:01,7:38:43,1,,,,,,,
,26783629,7:03:30,7:44:38,1,,,,,,,
,26872883,11:11:30,11:31:49,1,,,,,,,
,26873733,19:36:29,20:50:47,1,,,,,,,
,26924523,21:19:58,21:42:26,1,,,,,,,
,27022960,14:43:24,15:27:59,1,,,,,,,
,27121830,8:09:48,8:51:37,1,,,,,,,
,27141936,8:49:45,9:10:28,1,,,,,,,
,27158570,8:15:13,8:53:34,1,,,,,,,
,27181818,10:32:34,10:47:52,1,,,,,,,
,27193465,8:00:29,8:21:46,1,,,,,,,
,27278249,8:42:12,8:57:59,1,,,,,,,
,27304609,7:44:42,8:32:18,1,,,,,,,
,27322792,18:08:58,18:27:06,1,,,,,,,
,27344771,10:40:33,11:11:38,1,,,,,,,
,27417663,8:37:52,9:45:06,1,,,,,,,
,27659654,21:50:48,22:27:00,1,,,,,,,
,27775305,11:53:18,12:17:59,1,,,,,,,
,27853349,12:10:09,13:14:37,1,,,,,,,
,27854798,10:56:48,11:15:36,1,,,,,,,
,27867113,6:09:58,7:09:31,1,,,,,,,
,28064005,9:12:26,9:47:39,1,,,,,,,
,28302819,10:01:14,11:13:08,1,,,,,,,
,28305251,15:07:30,15:27:15,1,,,,,,,
,28332296,7:56:05,9:02:12,1,,,,,,,
,28535381,6:16:58,6:34:04,1,,,,,,,
,28541251,7:42:09,8:44:00,1,,,,,,,
,28547766,10:08:51,10:30:21,1,,,,,,,
,28552109,7:48:01,8:11:01,1,,,,,,,
,28616546,7:53:18,8:08:22,1,,,,,,,
,28667616,9:33:53,11:20:50,1,,,,,,,
,28700101,18:42:37,19:33:40,1,,,,,,,
,28773992,7:15:20,7:58:36,1,,,,,,,
,28831282,6:18:38,7:46:06,1,,,,,,,
,28864608,8:47:55,9:18:09,1,,,,,,,
,28920571,9:06:40,9:33:35,1,,,,,,,
,28942720,8:11:43,9:21:56,1,,,,,,,
,29087253,7:46:19,8:33:58,1,,,,,,,
,29124668,6:09:06,6:36:28,1,,,,,,,
,29126084,13:52:23,14:10:14,1,,,,,,,
,29154213,10:02:55,10:36:45,1,,,,,,,
,29330247,7:07:29,8:02:59,1,,,,,,,
,29361716,9:39:42,10:03:00,1,,,,,,,
,29430033,14:34:43,15:14:11,1,,,,,,,
,29434378,13:38:49,14:23:41,1,,,,,,,
,29525948,8:31:27,9:13:36,1,,,,,,,
,29580437,8:37:54,9:02:28,1,,,,,,,
,29606886,7:54:11,8:36:54,1,,,,,,,
,29640077,8:24:26,9:02:43,1,,,,,,,
,29652402,8:02:52,8:39:28,1,,,,,,,
,29688272,9:01:48,9:33:36,1,,,,,,,
,29872733,8:03:44,8:32:09,1,,,,,,,
,29877514,8:49:20,9:21:54,1,,,,,,,
,30004191,6:53:26,7:44:47,1,,,,,,,
,30047377,6:08:26,6:24:41,1,,,,,,,
,30065178,10:35:39,11:09:06,1,,,,,,,
,30067840,9:53:39,10:18:21,1,,,,,,,
,30251718,12:54:58,13:48:26,1,,,,,,,
,30455764,9:49:30,10:22:35,1,,,,,,,
,30488797,8:21:08,8:40:13,1,,,,,,,
,30507697,16:58:08,17:23:59,1,,,,,,,
,30535622,7:51:08,8:19:55,1,,,,,,,
,30639212,8:44:58,9:06:48,1,,,,,,,
,30639320,8:40:31,9:02:19,1,,,,,,,
,30668175,17:59:48,18:58:58,1,,,,,,,
,30686644,15:38:21,16:51:02,1,,,,,,,
,30768907,6:20:05,7:12:16,1,,,,,,,
,30802876,8:13:46,8:35:17,1,,,,,,,
,30882509,18:10:43,18:52:20,1,,,,,,,
,31014305,7:43:09,8:38:34,1,,,,,,,
,31045349,10:09:04,11:31:28,1,,,,,,,
,31083036,9:19:03,10:53:46,1,,,,,,,
,31168469,11:00:15,11:53:20,1,,,,,,,
,31238672,5:08:31,5:36:36,1,,,,,,,
,31282122,9:35:31,10:20:03,1,,,,,,,
,31317669,14:00:27,14:16:17,1,,,,,,,
,31355663,15:41:08,16:24:30,1,,,,,,,
,31413920,18:21:40,18:46:02,1,,,,,,,
,31459468,8:03:18,8:38:37,1,,,,,,,
,31467078,7:33:34,7:50:22,1,,,,,,,
,,,,,,,,,,,
,,,,,,,,,,,
,,,,,,,,,,,
,,,,,,,,,,,
,,,,,,,,,,,
,,,,,,,,,,,
,,,,,,,,,,,
,,,,,,,,,,,
,,,,,,,,,,,
,,,,,,,,,,,
,,,,,,,,,,,
,,,,,,,,,,,
,,,,,,,,,,,
,,,,,,,,,,,
,,,,,,,,,,,
,,,,,,,,,,,
,,,,,,,,,,,
,,,,,,,,,,,
,,,,,,,,,,,
,,,,,,,,,,,
,,,,,,,,,,,
,,,,,,,,,,,
,,,,,,,,,,,
,,,,,,,,,,,
,,,,,,,,,,,
,,,,,,,,,,,
,,,,,,,,,,,
,,,,,,,,,,,
,,,,,,,,,,,
,,,,,,,,,,,
,,,,,,,,,,,
,,,,,,,,,,,
,,,,,,,,,,,
,,,,,,,,,,,
,,,,,,,,,,,
,,,,,,,,,,,
,,,,,,,,,,,
,,,,,,,,,,,
,,,,,,,,,,,
,,,,,,,,,,,
,,,,,,,,,,,
,,,,,,,,,,,
,,,,,,,,,,,
,,,,,,,,,,,
,,,,,,,,,,,
,,,,,,,,,,,
,,,,,,,,,,,
,,,,,,,,,,,
,,,,,,,,,,,
,,,,,,,,,,,
,,,,,,,,,,,
,,,,,,,,,,,
,,,,,,,,,,,
,,,,,,,,,,,
,,,,,,,,,,,
,,,,,,,,,,,
,,,,,,,,,,,
,,,,,,,,,,,
,,,,,,,,,,,
,,,,,,,,,,,
,,,,,,,,,,,
,,,,,,,,,,,
,,,,,,,,,,,
,,,,,,,,,,,
,,,,,,,,,,,
,,,,,,,,,,,
,,,,,,,,,,,
,,,,,,,,,,,
,,,,,,,,,,,
,,,,,,,,,,,
,,,,,,,,,,,
,,,,,,,,,,,
,,,,,,,,,,,
,,,,,,,,,,,
,,,,,,,,,,,
,,,,,,,,,,,
,,,,,,,,,,,
,,,,,,,,,,,
,,,,,,,,,,,
,,,,,,,,,,,
,,,,,,,,,,,
,,,,,,,,,,,
,,,,,,,,,,,
,,,,,,,,,,,
,,,,,,,,,,,
,,,,,,,,,,,
,,,,,,,,,,,
,,,,,,,,,,,
,,,,,,,,,,,
,,,,,,,,,,,
,,,,,,,,,,,
,,,,,,,,,,,
,,,,,,,,,,,
,,,,,,,,,,,
,,,,,,,,,,,
,,,,,,,,,,,
,,,,,,,,,,,
,,,,,,,,,,,
,,,,,,,,,,,
,,,,,,,,,,,
,,,,,,,,,,,
,,,,,,,,,,,
,,,,,,,,,,,
,,,,,,,,,,,
,,,,,,,,,,,
,,,,,,,,,,,
,,,,,,,,,,,
,,,,,,,,,,,
,,,,,,,,,,,
,,,,,,,,,,,
,,,,,,,,,,,
,,,,,,,,,,,
,,,,,,,,,,,
,,,,,,,,,,,
,,,,,,,,,,,
,,,,,,,,,,,
,,,,,,,,,,,
,,,,,,,,,,,
,,,,,,,,,,,
,,,,,,,,,,,
,,,,,,,,,,,
,,,,,,,,,,,
,,,,,,,,,,,
,,,,,,,,,,,
,,,,,,,,,,,
,,,,,,,,,,,
,,,,,,,,,,,
,,,,,,,,,,,
,,,,,,,,,,,
,,,,,,,,,,,
,,,,,,,,,,,
,,,,,,,,,,,
,,,,,,,,,,,
,,,,,,,,,,,
,,,,,,,,,,,
,,,,,,,,,,,
,,,,,,,,,,,
,,,,,,,,,,,
,,,,,,,,,,,
,,,,,,,,,,,
,,,,,,,,,,,
,,,,,,,,,,,
,,,,,,,,,,,
,,,,,,,,,,,
,,,,,,,,,,,
,,,,,,,,,,,
,,,,,,,,,,,
,,,,,,,,,,,
,,,,,,,,,,,
,,,,,,,,,,,
,,,,,,,,,,,
,,,,,,,,,,,
,,,,,,,,,,,
,,,,,,,,,,,
,,,,,,,,,,,
,,,,,,,,,,,
,,,,,,,,,,,
,,,,,,,,,,,
,,,,,,,,,,,
,,,,,,,,,,,
,,,,,,,,,,,
,,,,,,,,,,,
,,,,,,,,,,,
,,,,,,,,,,,
,,,,,,,,,,,
,,,,,,,,,,,
,,,,,,,,,,,
,,,,,,,,,,,
,,,,,,,,,,,
,,,,,,,,,,,
,,,,,,,,,,,
,,,,,,,,,,,
,,,,,,,,,,,
,,,,,,,,,,,
,,,,,,,,,,,
,,,,,,,,,,,
,,,,,,,,,,,
,,,,,,,,,,,
,,,,,,,,,,,
,,,,,,,,,,,
,,,,,,,,,,,
,,,,,,,,,,,
,,,,,,,,,,,
,,,,,,,,,,,
,,,,,,,,,,,
,,,,,,,,,,,
,,,,,,,,,,,
,,,,,,,,,,,
,,,,,,,,,,,
,,,,,,,,,,,
,,,,,,,,,,,
,,,,,,,,,,,
,,,,,,,,,,,
,,,,,,,,,,,
,,,,,,,,,,,
,,,,,,,,,,,
,,,,,,,,,,,
,,,,,,,,,,,
,,,,,,,,,,,
,,,,,,,,,,,
,,,,,,,,,,,
,,,,,,,,,,,
,,,,,,,,,,,
,,,,,,,,,,,
,,,,,,,,,,,
,,,,,,,,,,,
,,,,,,,,,,,
,,,,,,,,,,,
,,,,,,,,,,,
,,,,,,,,,,,
,,,,,,,,,,,
,,,,,,,,,,,
,,,,,,,,,,,
,,,,,,,,,,,
,,,,,,,,,,,
,,,,,,,,,,,
,,,,,,,,,,,
,,,,,,,,,,,
,,,,,,,,,,,
,,,,,,,,,,,
,,,,,,,,,,,
,,,,,,,,,,,
,,,,,,,,,,,
,,,,,,,,,,,
,,,,,,,,,,,
,,,,,,,,,,,
,,,,,,,,,,,
,,,,,,,,,,,
,,,,,,,,,,,
,,,,,,,,,,,
,,,,,,,,,,,
,,,,,,,,,,,
,,,,,,,,,,,
,,,,,,,,,,,
,,,,,,,,,,,
,,,,,,,,,,,
,,,,,,,,,,,
,,,,,,,,,,,
,,,,,,,,,,,
,,,,,,,,,,,
,,,,,,,,,,,
,,,,,,,,,,,
,,,,,,,,,,,
,,,,,,,,,,,
,,,,,,,,,,,
,,,,,,,,,,,
,,,,,,,,,,,
,,,,,,,,,,,
,,,,,,,,,,,
,,,,,,,,,,,
,,,,,,,,,,,
,,,,,,,,,,,
,,,,,,,,,,,
,,,,,,,,,,,
,,,,,,,,,,,
,,,,,,,,,,,
,,,,,,,,,,,
,,,,,,,,,,,
,,,,,,,,,,,
,,,,,,,,,,,
,,,,,,,,,,,
,,,,,,,,,,,
,,,,,,,,,,,
,,,,,,,,,,,
,,,,,,,,,,,
,,,,,,,,,,,
,,,,,,,,,,,
,,,,,,,,,,,
,,,,,,,,,,,
,,,,,,,,,,,
,,,,,,,,,,,
,,,,,,,,,,,
,,,,,,,,,,,
,,,,,,,,,,,
,,,,,,,,,,,
,,,,,,,,,,,
,,,,,,,,,,,
,,,,,,,,,,,
,,,,,,,,,,,
,,,,,,,,,,,
,,,,,,,,,,,
,,,,,,,,,,,
,,,,,,,,,,,
,,,,,,,,,,,
,,,,,,,,,,,
,,,,,,,,,,,
,,,,,,,,,,,
,,,,,,,,,,,
,,,,,,,,,,,
,,,,,,,,,,,
,,,,,,,,,,,
,,,,,,,,,,,
,,,,,,,,,,,
,,,,,,,,,,,
,,,,,,,,,,,
,,,,,,,,,,,
,,,,,,,,,,,
,,,,,,,,,,,
,,,,,,,,,,,
,,,,,,,,,,,
,,,,,,,,,,,
,,,,,,,,,,,
,,,,,,,,,,,
,,,,,,,,,,,
,,,,,,,,,,,
,,,,,,,,,,,
,,,,,,,,,,,
,,,,,,,,,,,
,,,,,,,,,,,
,,,,,,,,,,,
,,,,,,,,,,,
,,,,,,,,,,,
,,,,,,,,,,,
,,,,,,,,,,,
,,,,,,,,,,,
,,,,,,,,,,,
,,,,,,,,,,,
,,,,,,,,,,,
,,,,,,,,,,,
,,,,,,,,,,,
,,,,,,,,,,,
,,,,,,,,,,,
,,,,,,,,,,,
,,,,,,,,,,,
,,,,,,,,,,,
,,,,,,,,,,,
,,,,,,,,,,,
,,,,,,,,,,,
,,,,,,,,,,,
,,,,,,,,,,,
,,,,,,,,,,,
,,,,,,,,,,,
,,,,,,,,,,,
,,,,,,,,,,,
,,,,,,,,,,,
,,,,,,,,,,,
,,,,,,,,,,,
,,,,,,,,,,,
,,,,,,,,,,,
,,,,,,,,,,,
,,,,,,,,,,,
,,,,,,,,,,,
,,,,,,,,,,,
,,,,,,,,,,,
,,,,,,,,,,,
,,,,,,,,,,,
,,,,,,,,,,,
,,,,,,,,,,,
,,,,,,,,,,,
,,,,,,,,,,,
,,,,,,,,,,,
,,,,,,,,,,,
,,,,,,,,,,,
,,,,,,,,,,,
,,,,,,,,,,,
,,,,,,,,,,,
,,,,,,,,,,,
,,,,,,,,,,,
,,,,,,,,,,,
,,,,,,,,,,,
,,,,,,,,,,,
,,,,,,,,,,,
,,,,,,,,,,,
,,,,,,,,,,,
,,,,,,,,,,,
,,,,,,,,,,,
,,,,,,,,,,,
,,,,,,,,,,,
,,,,,,,,,,,
,,,,,,,,,,,
,,,,,,,,,,,
,,,,,,,,,,,
,,,,,,,,,,,
,,,,,,,,,,,
,,,,,,,,,,,
,,,,,,,,,,,
,,,,,,,,,,,
,,,,,,,,,,,
,,,,,,,,,,,
,,,,,,,,,,,
,,,,,,,,,,,
,,,,,,,,,,,
,,,,,,,,,,,
,,,,,,,,,,,
,,,,,,,,,,,
,,,,,,,,,,,
,,,,,,,,,,,
,,,,,,,,,,,
,,,,,,,,,,,
,,,,,,,,,,,
,,,,,,,,,,,
,,,,,,,,,,,
,,,,,,,,,,,
,,,,,,,,,,,
,,,,,,,,,,,
,,,,,,,,,,,
,,,,,,,,,,,
,,,,,,,,,,,
,,,,,,,,,,,
,,,,,,,,,,,
,,,,,,,,,,,
,,,,,,,,,,,
,,,,,,,,,,,
,,,,,,,,,,,
,,,,,,,,,,,
,,,,,,,,,,,
,,,,,,,,,,,
,,,,,,,,,,,
,,,,,,,,,,,
,,,,,,,,,,,
,,,,,,,,,,,
,,,,,,,,,,,
,,,,,,,,,,,
,,,,,,,,,,,
,,,,,,,,,,,
,,,,,,,,,,,
,,,,,,,,,,,
,,,,,,,,,,,
,,,,,,,,,,,
,,,,,,,,,,,
,,,,,,,,,,,
,,,,,,,,,,,
,,,,,,,,,,,
,,,,,,,,,,,
,,,,,,,,,,,
,,,,,,,,,,,
,,,,,,,,,,,
,,,,,,,,,,,
,,,,,,,,,,,
,,,,,,,,,,,
,,,,,,,,,,,
,,,,,,,,,,,
,,,,,,,,,,,
,,,,,,,,,,,
,,,,,,,,,,,
,,,,,,,,,,,
,,,,,,,,,,,
,,,,,,,,,,,
,,,,,,,,,,,
,,,,,,,,,,,
,,,,,,,,,,,
,,,,,,,,,,,
,,,,,,,,,,,
,,,,,,,,,,,
,,,,,,,,,,,
,,,,,,,,,,,
,,,,,,,,,,,
,,,,,,,,,,,
,,,,,,,,,,,
,,,,,,,,,,,
,,,,,,,,,,,
,,,,,,,,,,,
,,,,,,,,,,,
,,,,,,,,,,,
,,,,,,,,,,,
,,,,,,,,,,,
,,,,,,,,,,,
,,,,,,,,,,,
,,,,,,,,,,,
,,,,,,,,,,,
,,,,,,,,,,,
,,,,,,,,,,,
,,,,,,,,,,,
,,,,,,,,,,,
,,,,,,,,,,,
,,,,,,,,,,,
,,,,,,,,,,,
,,,,,,,,,,,
,,,,,,,,,,,
,,,,,,,,,,,
,,,,,,,,,,,
,,,,,,,,,,,
,,,,,,,,,,,
,,,,,,,,,,,
,,,,,,,,,,,
,,,,,,,,,,,
,,,,,,,,,,,
,,,,,,,,,,,
,,,,,,,,,,,
,,,,,,,,,,,
,,,,,,,,,,,
,,,,,,,,,,,
,,,,,,,,,,,
,,,,,,,,,,,
,,,,,,,,,,,
,,,,,,,,,,,
,,,,,,,,,,,
,,,,,,,,,,,
,,,,,,,,,,,
,,,,,,,,,,,
,,,,,,,,,,,
,,,,,,,,,,,
,,,,,,,,,,,
,,,,,,,,,,,
,,,,,,,,,,,
,,,,,,,,,,,
,,,,,,,,,,,
,,,,,,,,,,,
,,,,,,,,,,,
,,,,,,,,,,,
,,,,,,,,,,,
,,,,,,,,,,,
,,,,,,,,,,,
,,,,,,,,,,,
,,,,,,,,,,,
,,,,,,,,,,,
,,,,,,,,,,,
,,,,,,,,,,,
,,,,,,,,,,,
,,,,,,,,,,,
,,,,,,,,,,,
,,,,,,,,,,,
,,,,,,,,,,,
,,,,,,,,,,,
,,,,,,,,,,,
,,,,,,,,,,,
,,,,,,,,,,,
,,,,,,,,,,,
,,,,,,,,,,,
,,,,,,,,,,,
,,,,,,,,,,,
,,,,,,,,,,,
,,,,,,,,,,,
,,,,,,,,,,,
,,,,,,,,,,,
,,,,,,,,,,,
,,,,,,,,,,,
,,,,,,,,,,,
,,,,,,,,,,,
,,,,,,,,,,,
,,,,,,,,,,,
,,,,,,,,,,,
,,,,,,,,,,,
,,,,,,,,,,,
,,,,,,,,,,,
,,,,,,,,,,,
,,,,,,,,,,,
,,,,,,,,,,,
,,,,,,,,,,,
,,,,,,,,,,,
,,,,,,,,,,,
,,,,,,,,,,,
,,,,,,,,,,,
,,,,,,,,,,,
,,,,,,,,,,,
,,,,,,,,,,,
,,,,,,,,,,,
,,,,,,,,,,,
,,,,,,,,,,,
,,,,,,,,,,,
,,,,,,,,,,,
,,,,,,,,,,,
,,,,,,,,,,,
,,,,,,,,,,,
,,,,,,,,,,,
,,,,,,,,,,,
,,,,,,,,,,,
,,,,,,,,,,,
,,,,,,,,,,,
,,,,,,,,,,,
,,,,,,,,,,,
,,,,,,,,,,,
,,,,,,,,,,,
,,,,,,,,,,,
,,,,,,,,,,,
,,,,,,,,,,,
,,,,,,,,,,,
,,,,,,,,,,,
,,,,,,,,,,,
,,,,,,,,,,,
,,,,,,,,,,,
,,,,,,,,,,,
,,,,,,,,,,,
,,,,,,,,,,,
,,,,,,,,,,,
,,,,,,,,,,,
,,,,,,,,,,,
,,,,,,,,,,,
,,,,,,,,,,,
,,,,,,,,,,,
,,,,,,,,,,,
,,,,,,,,,,,
,,,,,,,,,,,
,,,,,,,,,,,
,,,,,,,,,,,
,,,,,,,,,,,
,,,,,,,,,,,
,,,,,,,,,,,
,,,,,,,,,,,
,,,,,,,,,,,
,,,,,,,,,,,
,,,,,,,,,,,
,,,,,,,,,,,
,,,,,,,,,,,
,,,,,,,,,,,
,,,,,,,,,,,
,,,,,,,,,,,
,,,,,,,,,,,
,,,,,,,,,,,
,,,,,,,,,,,
,,,,,,,,,,,
,,,,,,,,,,,
,,,,,,,,,,,
,,,,,,,,,,,
,,,,,,,,,,,
,,,,,,,,,,,
,,,,,,,,,,,
,,,,,,,,,,,
,,,,,,,,,,,
,,,,,,,,,,,
,,,,,,,,,,,
,,,,,,,,,,,
,,,,,,,,,,,
,,,,,,,,,,,
,,,,,,,,,,,
,,,,,,,,,,,
,,,,,,,,,,,
,,,,,,,,,,,
,,,,,,,,,,,
,,,,,,,,,,,
,,,,,,,,,,,
,,,,,,,,,,,
,,,,,,,,,,,
,,,,,,,,,,,
,,,,,,,,,,,
,,,,,,,,,,,
,,,,,,,,,,,
,,,,,,,,,,,
,,,,,,,,,,,
,,,,,,,,,,,
,,,,,,,,,,,
,,,,,,,,,,,
,,,,,,,,,,,
,,,,,,,,,,,
,,,,,,,,,,,
,,,,,,,,,,,
,,,,,,,,,,,
,,,,,,,,,,,
,,,,,,,,,,,
,,,,,,,,,,,
,,,,,,,,,,,
,,,,,,,,,,,
,,,,,,,,,,,
,,,,,,,,,,,
,,,,,,,,,,,
,,,,,,,,,,,
,,,,,,,,,,,
,,,,,,,,,,,
,,,,,,,,,,,
,,,,,,,,,,,
,,,,,,,,,,,
,,,,,,,,,,,
,,,,,,,,,,,
,,,,,,,,,,,
,,,,,,,,,,,
,,,,,,,,,,,
,,,,,,,,,,,
,,,,,,,,,,,
,,,,,,,,,,,
,,,,,,,,,,,
,,,,,,,,,,,
,,,,,,,,,,,
,,,,,,,,,,,
,,,,,,,,,,,
,,,,,,,,,,,
,,,,,,,,,,,
,,,,,,,,,,,
,,,,,,,,,,,
,,,,,,,,,,,
,,,,,,,,,,,
,,,,,,,,,,,
,,,,,,,,,,,
,,,,,,,,,,,
,,,,,,,,,,,
,,,,,,,,,,,
,,,,,,,,,,,
,,,,,,,,,,,
,,,,,,,,,,,
,,,,,,,,,,,
,,,,,,,,,,,
,,,,,,,,,,,
,,,,,,,,,,,
,,,,,,,,,,,
,,,,,,,,,,,
,,,,,,,,,,,
,,,,,,,,,,,
,,,,,,,,,,,
,,,,,,,,,,,
,,,,,,,,,,,
,,,,,,,,,,,
,,,,,,,,,,,
,,,,,,,,,,,
,,,,,,,,,,,
,,,,,,,,,,,
,,,,,,,,,,,
,,,,,,,,,,,
,,,,,,,,,,,
,,,,,,,,,,,
,,,,,,,,,,,
,,,,,,,,,,,
,,,,,,,,,,,
,,,,,,,,,,,
,,,,,,,,,,,
,,,,,,,,,,,
,,,,,,,,,,,
,,,,,,,,,,,
,,,,,,,,,,,
,,,,,,,,,,,
,,,,,,,,,,,
,,,,,,,,,,,
,,,,,,,,,,,
,,,,,,,,,,,
,,,,,,,,,,,
,,,,,,,,,,,
,,,,,,,,,,,
,,,,,,,,,,,
,,,,,,,,,,,
,,,,,,,,,,,
,,,,,,,,,,,
,,,,,,,,,,,
,,,,,,,,,,,
,,,,,,,,,,,
,,,,,,,,,,,
,,,,,,,,,,,
,,,,,,,,,,,
,,,,,,,,,,,
,,,,,,,,,,,
,,,,,,,,,,,
,,,,,,,,,,,
,,,,,,,,,,,
,,,,,,,,,,,
,,,,,,,,,,,
,,,,,,,,,,,
,,,,,,,,,,,
,,,,,,,,,,,
,,,,,,,,,,,
,,,,,,,,,,,
,,,,,,,,,,,
,,,,,,,,,,,
,,,,,,,,,,,
,,,,,,,,,,,
,,,,,,,,,,,
,,,,,,,,,,,
,,,,,,,,,,,
,,,,,,,,,,,
,,,,,,,,,,,
,,,,,,,,,,,
,,,,,,,,,,,
,,,,,,,,,,,
,,,,,,,,,,,
,,,,,,,,,,,
,,,,,,,,,,,
,,,,,,,,,,,
,,,,,,,,,,,
,,,,,,,,,,,
,,,,,,,,,,,
,,,,,,,,,,,
,,,,,,,,,,,
,,,,,,,,,,,
,,,,,,,,,,,
,,,,,,,,,,,
,,,,,,,,,,,
,,,,,,,,,,,
,,,,,,,,,,,
,,,,,,,,,,,
,,,,,,,,,,,
,,,,,,,,,,,
,,,,,,,,,,,
,,,,,,,,,,,
,,,,,,,,,,,
,,,,,,,,,,,
,,,,,,,,,,,
,,,,,,,,,,,
,,,,,,,,,,,
,,,,,,,,,,,
,,,,,,,,,,,
,,,,,,,,,,,
,,,,,,,,,,,
,,,,,,,,,,,
,,,,,,,,,,,
,,,,,,,,,,,
,,,,,,,,,,,
,,,,,,,,,,,
,,,,,,,,,,,
,,,,,,,,,,,
,,,,,,,,,,,
,,,,,,,,,,,
,,,,,,,,,,,
,,,,,,,,,,,
,,,,,,,,,,,
,,,,,,,,,,,
,,,,,,,,,,,
,,,,,,,,,,,
,,,,,,,,,,,
,,,,,,,,,,,
,,,,,,,,,,,
,,,,,,,,,,,
,,,,,,,,,,,
,,,,,,,,,,,
,,,,,,,,,,,
,,,,,,,,,,,
,,,,,,,,,,,
,,,,,,,,,,,
,,,,,,,,,,,
,,,,,,,,,,,
,,,,,,,,,,,
,,,,,,,,,,,
,,,,,,,,,,,
,,,,,,,,,,,
,,,,,,,,,,,
,,,,,,,,,,,
,,,,,,,,,,,
,,,,,,,,,,,
,,,,,,,,,,,
,,,,,,,,,,,
,,,,,,,,,,,
,,,,,,,,,,,
,,,,,,,,,,,
,,,,,,,,,,,
,,,,,,,,,,,
,,,,,,,,,,,
,,,,,,,,,,,
,,,,,,,,,,,
,,,,,,,,,,,
,,,,,,,,,,,
,,,,,,,,,,,
,,,,,,,,,,,
,,,,,,,,,,,
,,,,,,,,,,,
,,,,,,,,,,,
,,,,,,,,,,,
,,,,,,,,,,,
,,,,,,,,,,,
,,,,,,,,,,,
,,,,,,,,,,,
,,,,,,,,,,,
,,,,,,,,,,,
,,,,,,,,,,,
,,,,,,,,,,,
,,,,,,,,,,,
,,,,,,,,,,,
,,,,,,,,,,,
,,,,,,,,,,,
,,,,,,,,,,,
,,,,,,,,,,,
,,,,,,,,,,,
,,,,,,,,,,,
,,,,,,,,,,,
,,,,,,,,,,,
,,,,,,,,,,,
,,,,,,,,,,,
,,,,,,,,,,,
,,,,,,,,,,,
,,,,,,,,,,,
,,,,,,,,,,,
,,,,,,,,,,,
,,,,,,,,,,,
,,,,,,,,,,,
,,,,,,,,,,,
,,,,,,,,,,,
,,,,,,,,,,,
,,,,,,,,,,,
,,,,,,,,,,,
,,,,,,,,,,,
,,,,,,,,,,,
,,,,,,,,,,,
,,,,,,,,,,,
,,,,,,,,,,,
,,,,,,,,,,,
,,,,,,,,,,,
,,,,,,,,,,,
,,,,,,,,,,,
,,,,,,,,,,,
,,,,,,,,,,,
,,,,,,,,,,,
,,,,,,,,,,,
,,,,,,,,,,,
,,,,,,,,,,,
,,,,,,,,,,,
,,,,,,,,,,,
,,,,,,,,,,,
,,,,,,,,,,,
,,,,,,,,,,,
,,,,,,,,,,,
,,,,,,,,,,,
,,,,,,,,,,,
,,,,,,,,,,,
,,,,,,,,,,,
,,,,,,,,,,,
,,,,,,,,,,,
,,,,,,,,,,,
,,,,,,,,,,,
,,,,,,,,,,,
,,,,,,,,,,,
,,,,,,,,,,,
,,,,,,,,,,,
,,,,,,,,,,,
,,,,,,,,,,,
,,,,,,,,,,,
,,,,,,,,,,,
,,,,,,,,,,,
,,,,,,,,,,,
,,,,,,,,,,,
,,,,,,,,,,,
,,,,,,,,,,,
,,,,,,,,,,,
,,,,,,,,,,,
,,,,,,,,,,,
,,,,,,,,,,,
,,,,,,,,,,,
,,,,,,,,,,,
,,,,,,,,,,,
,,,,,,,,,,,
,,,,,,,,,,,
,,,,,,,,,,,
,,,,,,,,,,,
,,,,,,,,,,,
,,,,,,,,,,,
,,,,,,,,,,,
,,,,,,,,,,,
,,,,,,,,,,,
,,,,,,,,,,,
,,,,,,,,,,,
,,,,,,,,,,,
,,,,,,,,,,,
,,,,,,,,,,,
,,,,,,,,,,,
,,,,,,,,,,,
,,,,,,,,,,,
,,,,,,,,,,,
,,,,,,,,,,,
,,,,,,,,,,,
,,,,,,,,,,,
,,,,,,,,,,,
,,,,,,,,,,,
,,,,,,,,,,,
,,,,,,,,,,,
,,,,,,,,,,,
,,,,,,,,,,,
,,,,,,,,,,,
,,,,,,,,,,,
,,,,,,,,,,,
,,,,,,,,,,,
,,,,,,,,,,,
,,,,,,,,,,,
,,,,,,,,,,,
,,,,,,,,,,,
,,,,,,,,,,,
,,,,,,,,,,,
,,,,,,,,,,,
,,,,,,,,,,,
,,,,,,,,,,,
,,,,,,,,,,,
,,,,,,,,,,,
,,,,,,,,,,,
,,,,,,,,,,,
,,,,,,,,,,,
,,,,,,,,,,,
,,,,,,,,,,,
,,,,,,,,,,,
,,,,,,,,,,,
,,,,,,,,,,,
,,,,,,,,,,,
,,,,,,,,,,,
,,,,,,,,,,,
,,,,,,,,,,,
,,,,,,,,,,,
,,,,,,,,,,,
,,,,,,,,,,,
,,,,,,,,,,,
,,,,,,,,,,,
,,,,,,,,,,,
,,,,,,,,,,,
,,,,,,,,,,,
,,,,,,,,,,,
,,,,,,,,,,,
,,,,,,,,,,,
,,,,,,,,,,,
,,,,,,,,,,,
,,,,,,,,,,,
,,,,,,,,,,,
,,,,,,,,,,,
,,,,,,,,,,,
,,,,,,,,,,,
,,,,,,,,,,,
,,,,,,,,,,,
,,,,,,,,,,,
,,,,,,,,,,,
,,,,,,,,,,,
,,,,,,,,,,,
,,,,,,,,,,,
,,,,,,,,,,,
,,,,,,,,,,,
,,,,,,,,,,,
,,,,,,,,,,,
,,,,,,,,,,,
,,,,,,,,,,,
,,,,,,,,,,,
,,,,,,,,,,,
,,,,,,,,,,,
,,,,,,,,,,,
,,,,,,,,,,,
,,,,,,,,,,,
,,,,,,,,,,,
,,,,,,,,,,,
,,,,,,,,,,,
,,,,,,,,,,,
,,,,,,,,,,,
,,,,,,,,,,,
,,,,,,,,,,,
,,,,,,,,,,,
,,,,,,,,,,,
,,,,,,,,,,,
,,,,,,,,,,,
,,,,,,,,,,,
,,,,,,,,,,,
,,,,,,,,,,,
,,,,,,,,,,,
,,,,,,,,,,,
,,,,,,,,,,,
,,,,,,,,,,,
,,,,,,,,,,,
,,,,,,,,,,,
,,,,,,,,,,,
,,,,,,,,,,,
,,,,,,,,,,,
,,,,,,,,,,,
,,,,,,,,,,,
,,,,,,,,,,,
,,,,,,,,,,,
,,,,,,,,,,,
,,,,,,,,,,,
,,,,,,,,,,,
,,,,,,,,,,,
,,,,,,,,,,,
,,,,,,,,,,,
,,,,,,,,,,,
,,,,,,,,,,,
,,,,,,,,,,,
,,,,,,,,,,,
,,,,,,,,,,,
,,,,,,,,,,,
,,,,,,,,,,,
,,,,,,,,,,,
,,,,,,,,,,,
,,,,,,,,,,,
,,,,,,,,,,,
,,,,,,,,,,,
,,,,,,,,,,,
,,,,,,,,,,,
,,,,,,,,,,,
,,,,,,,,,,,
,,,,,,,,,,,
,,,,,,,,,,,
,,,,,,,,,,,
,,,,,,,,,,,
,,,,,,,,,,,
,,,,,,,,,,,
,,,,,,,,,,,
,,,,,,,,,,,
,,,,,,,,,,,
,,,,,,,,,,,
,,,,,,,,,,,
,,,,,,,,,,,
,,,,,,,,,,,
,,,,,,,,,,,
,,,,,,,,,,,
,,,,,,,,,,,
,,,,,,,,,,,
,,,,,,,,,,,
,,,,,,,,,,,
,,,,,,,,,,,
,,,,,,,,,,,
,,,,,,,,,,,
,,,,,,,,,,,
,,,,,,,,,,,
,,,,,,,,,,,
,,,,,,,,,,,
,,,,,,,,,,,
,,,,,,,,,,,
,,,,,,,,,,,
,,,,,,,,,,,
,,,,,,,,,,,
,,,,,,,,,,,
,,,,,,,,,,,
,,,,,,,,,,,
,,,,,,,,,,,
,,,,,,,,,,,
,,,,,,,,,,,
,,,,,,,,,,,
,,,,,,,,,,,
,,,,,,,,,,,
,,,,,,,,,,,
,,,,,,,,,,,
,,,,,,,,,,,
,,,,,,,,,,,
,,,,,,,,,,,
,,,,,,,,,,,
,,,,,,,,,,,
,,,,,,,,,,,
,,,,,,,,,,,
,,,,,,,,,,,
,,,,,,,,,,,
,,,,,,,,,,,
,,,,,,,,,,,
,,,,,,,,,,,
,,,,,,,,,,,
,,,,,,,,,,,
,,,,,,,,,,,
,,,,,,,,,,,
,,,,,,,,,,,
,,,,,,,,,,,
,,,,,,,,,,,
,,,,,,,,,,,
,,,,,,,,,,,
,,,,,,,,,,,
,,,,,,,,,,,
,,,,,,,,,,,
,,,,,,,,,,,
,,,,,,,,,,,
,,,,,,,,,,,
,,,,,,,,,,,
,,,,,,,,,,,
,,,,,,,,,,,
,,,,,,,,,,,
,,,,,,,,,,,
,,,,,,,,,,,
,,,,,,,,,,,
,,,,,,,,,,,
,,,,,,,,,,,
,,,,,,,,,,,
,,,,,,,,,,,
,,,,,,,,,,,
,,,,,,,,,,,
,,,,,,,,,,,
,,,,,,,,,,,
,,,,,,,,,,,
,,,,,,,,,,,
,,,,,,,,,,,
,,,,,,,,,,,
,,,,,,,,,,,
,,,,,,,,,,,
,,,,,,,,,,,
,,,,,,,,,,,
,,,,,,,,,,,
,,,,,,,,,,,
,,,,,,,,,,,
,,,,,,,,,,,
,,,,,,,,,,,
,,,,,,,,,,,
,,,,,,,,,,,
,,,,,,,,,,,
,,,,,,,,,,,
,,,,,,,,,,,
,,,,,,,,,,,
,,,,,,,,,,,
,,,,,,,,,,,
,,,,,,,,,,,
,,,,,,,,,,,
,,,,,,,,,,,
,,,,,,,,,,,
,,,,,,,,,,,
,,,,,,,,,,,
,,,,,,,,,,,
,,,,,,,,,,,
,,,,,,,,,,,
,,,,,,,,,,,
,,,,,,,,,,,
,,,,,,,,,,,
,,,,,,,,,,,
,,,,,,,,,,,
,,,,,,,,,,,
,,,,,,,,,,,
,,,,,,,,,,,
,,,,,,,,,,,
,,,,,,,,,,,
,,,,,,,,,,,
,,,,,,,,,,,
,,,,,,,,,,,
,,,,,,,,,,,
,,,,,,,,,,,
,,,,,,,,,,,
,,,,,,,,,,,
,,,,,,,,,,,
,,,,,,,,,,,
,,,,,,,,,,,
,,,,,,,,,,,
,,,,,,,,,,,
,,,,,,,,,,,
,,,,,,,,,,,
,,,,,,,,,,,
,,,,,,,,,,,
,,,,,,,,,,,
,,,,,,,,,,,
,,,,,,,,,,,
,,,,,,,,,,,
,,,,,,,,,,,
,,,,,,,,,,,
,,,,,,,,,,,
,,,,,,,,,,,
,,,,,,,,,,,
,,,,,,,,,,,
,,,,,,,,,,,
,,,,,,,,,,,
,,,,,,,,,,,
,,,,,,,,,,,
,,,,,,,,,,,
,,,,,,,,,,,
,,,,,,,,,,,
,,,,,,,,,,,
,,,,,,,,,,,
,,,,,,,,,,,
,,,,,,,,,,,
,,,,,,,,,,,
,,,,,,,,,,,
,,,,,,,,,,,
,,,,,,,,,,,
,,,,,,,,,,,
,,,,,,,,,,,
,,,,,,,,,,,
,,,,,,,,,,,
,,,,,,,,,,,
,,,,,,,,,,,
,,,,,,,,,,,
,,,,,,,,,,,
,,,,,,,,,,,
,,,,,,,,,,,
,,,,,,,,,,,
,,,,,,,,,,,
,,,,,,,,,,,
,,,,,,,,,,,
,,,,,,,,,,,
,,,,,,,,,,,
,,,,,,,,,,,
,,,,,,,,,,,
,,,,,,,,,,,
,,,,,,,,,,,
,,,,,,,,,,,
,,,,,,,,,,,
,,,,,,,,,,,
,,,,,,,,,,,
,,,,,,,,,,,
,,,,,,,,,,,
,,,,,,,,,,,
,,,,,,,,,,,
,,,,,,,,,,,
,,,,,,,,,,,
,,,,,,,,,,,
,,,,,,,,,,,
,,,,,,,,,,,
,,,,,,,,,,,
,,,,,,,,,,,
,,,,,,,,,,,
,,,,,,,,,,,
,,,,,,,,,,,
,,,,,,,,,,,
,,,,,,,,,,,
,,,,,,,,,,,
,,,,,,,,,,,
,,,,,,,,,,,
,,,,,,,,,,,
,,,,,,,,,,,
,,,,,,,,,,,
,,,,,,,,,,,
,,,,,,,,,,,
,,,,,,,,,,,
,,,,,,,,,,,
,,,,,,,,,,,
,,,,,,,,,,,
,,,,,,,,,,,
,,,,,,,,,,,
,,,,,,,,,,,
,,,,,,,,,,,
,,,,,,,,,,,
,,,,,,,,,,,
,,,,,,,,,,,
,,,,,,,,,,,
,,,,,,,,,,,
,,,,,,,,,,,
,,,,,,,,,,,
,,,,,,,,,,,
,,,,,,,,,,,
,,,,,,,,,,,
,,,,,,,,,,,
,,,,,,,,,,,
,,,,,,,,,,,
,,,,,,,,,,,
,,,,,,,,,,,
,,,,,,,,,,,
,,,,,,,,,,,
,,,,,,,,,,,
,,,,,,,,,,,
,,,,,,,,,,,
,,,,,,,,,,,
,,,,,,,,,,,
,,,,,,,,,,,
,,,,,,,,,,,
,,,,,,,,,,,
,,,,,,,,,,,
,,,,,,,,,,,
,,,,,,,,,,,
,,,,,,,,,,,
,,,,,,,,,,,
,,,,,,,,,,,
,,,,,,,,,,,
,,,,,,,,,,,
,,,,,,,,,,,
,,,,,,,,,,,
,,,,,,,,,,,
,,,,,,,,,,,
,,,,,,,,,,,
,,,,,,,,,,,
,,,,,,,,,,,
,,,,,,,,,,,
,,,,,,,,,,,
,,,,,,,,,,,
,,,,,,,,,,,
,,,,,,,,,,,
,,,,,,,,,,,
,,,,,,,,,,,
,,,,,,,,,,,
,,,,,,,,,,,
,,,,,,,,,,,
,,,,,,,,,,,
,,,,,,,,,,,
,,,,,,,,,,,
,,,,,,,,,,,
,,,,,,,,,,,
,,,,,,,,,,,
,,,,,,,,,,,
,,,,,,,,,,,
,,,,,,,,,,,
,,,,,,,,,,,
,,,,,,,,,,,
,,,,,,,,,,,
,,,,,,,,,,,
,,,,,,,,,,,
,,,,,,,,,,,
,,,,,,,,,,,
,,,,,,,,,,,
,,,,,,,,,,,
,,,,,,,,,,,
,,,,,,,,,,,
,,,,,,,,,,,
,,,,,,,,,,,
,,,,,,,,,,,
,,,,,,,,,,,
,,,,,,,,,,,
,,,,,,,,,,,
,,,,,,,,,,,
,,,,,,,,,,,
,,,,,,,,,,,
,,,,,,,,,,,
,,,,,,,,,,,
,,,,,,,,,,,
,,,,,,,,,,,
,,,,,,,,,,,
,,,,,,,,,,,
,,,,,,,,,,,
,,,,,,,,,,,
,,,,,,,,,,,
,,,,,,,,,,,
,,,,,,,,,,,
,,,,,,,,,,,
,,,,,,,,,,,
,,,,,,,,,,,
,,,,,,,,,,,
,,,,,,,,,,,
,,,,,,,,,,,
,,,,,,,,,,,
,,,,,,,,,,,
,,,,,,,,,,,
,,,,,,,,,,,
,,,,,,,,,,,
,,,,,,,,,,,
,,,,,,,,,,,
,,,,,,,,,,,
,,,,,,,,,,,
,,,,,,,,,,,
,,,,,,,,,,,
,,,,,,,,,,,
,,,,,,,,,,,
,,,,,,,,,,,
,,,,,,,,,,,
,,,,,,,,,,,
,,,,,,,,,,,
,,,,,,,,,,,
,,,,,,,,,,,
,,,,,,,,,,,
,,,,,,,,,,,
,,,,,,,,,,,
,,,,,,,,,,,
,,,,,,,,,,,
,,,,,,,,,,,
,,,,,,,,,,,
,,,,,,,,,,,
,,,,,,,,,,,
,,,,,,,,,,,
,,,,,,,,,,,
,,,,,,,,,,,
,,,,,,,,,,,
,,,,,,,,,,,
,,,,,,,,,,,
,,,,,,,,,,,
,,,,,,,,,,,
,,,,,,,,,,,
,,,,,,,,,,,
,,,,,,,,,,,
,,,,,,,,,,,
,,,,,,,,,,,
,,,,,,,,,,,
,,,,,,,,,,,
,,,,,,,,,,,
,,,,,,,,,,,
,,,,,,,,,,,
,,,,,,,,,,,
,,,,,,,,,,,
,,,,,,,,,,,
,,,,,,,,,,,
,,,,,,,,,,,
,,,,,,,,,,,
,,,,,,,,,,,
,,,,,,,,,,,
,,,,,,,,,,,
,,,,,,,,,,,
,,,,,,,,,,,
,,,,,,,,,,,
,,,,,,,,,,,
,,,,,,,,,,,
,,,,,,,,,,,
,,,,,,,,,,,
,,,,,,,,,,,
,,,,,,,,,,,
,,,,,,,,,,,
,,,,,,,,,,,
,,,,,,,,,,,
,,,,,,,,,,,
,,,,,,,,,,,
,,,,,,,,,,,
,,,,,,,,,,,
,,,,,,,,,,,
,,,,,,,,,,,
,,,,,,,,,,,
,,,,,,,,,,,
,,,,,,,,,,,
,,,,,,,,,,,
,,,,,,,,,,,
,,,,,,,,,,,
,,,,,,,,,,,
,,,,,,,,,,,
,,,,,,,,,,,
,,,,,,,,,,,
,,,,,,,,,,,
,,,,,,,,,,,
,,,,,,,,,,,
,,,,,,,,,,,
,,,,,,,,,,,
,,,,,,,,,,,
,,,,,,,,,,,
,,,,,,,,,,,
,,,,,,,,,,,
,,,,,,,,,,,
,,,,,,,,,,,
,,,,,,,,,,,
,,,,,,,,,,,
,,,,,,,,,,,
,,,,,,,,,,,
,,,,,,,,,,,
,,,,,,,,,,,
,,,,,,,,,,,
,,,,,,,,,,,
,,,,,,,,,,,
,,,,,,,,,,,
,,,,,,,,,,,
,,,,,,,,,,,
,,,,,,,,,,,
,,,,,,,,,,,
,,,,,,,,,,,
,,,,,,,,,,,
,,,,,,,,,,,
,,,,,,,,,,,
,,,,,,,,,,,
,,,,,,,,,,,
,,,,,,,,,,,
,,,,,,,,,,,
,,,,,,,,,,,
,,,,,,,,,,,
,,,,,,,,,,,
,,,,,,,,,,,
,,,,,,,,,,,
,,,,,,,,,,,
,,,,,,,,,,,
,,,,,,,,,,,
,,,,,,,,,,,
,,,,,,,,,,,
,,,,,,,,,,,
,,,,,,,,,,,
,,,,,,,,,,,
,,,,,,,,,,,
,,,,,,,,,,,
,,,,,,,,,,,
,,,,,,,,,,,
,,,,,,,,,,,
,,,,,,,,,,,
,,,,,,,,,,,
,,,,,,,,,,,
,,,,,,,,,,,
,,,,,,,,,,,
,,,,,,,,,,,
,,,,,,,,,,,
,,,,,,,,,,,
,,,,,,,,,,,
,,,,,,,,,,,
,,,,,,,,,,,
,,,,,,,,,,,
,,,,,,,,,,,
,,,,,,,,,,,
,,,,,,,,,,,
,,,,,,,,,,,
,,,,,,,,,,,
,,,,,,,,,,,
,,,,,,,,,,,
,,,,,,,,,,,
,,,,,,,,,,,
,,,,,,,,,,,
,,,,,,,,,,,
,,,,,,,,,,,
,,,,,,,,,,,
,,,,,,,,,,,
,,,,,,,,,,,
,,,,,,,,,,,
,,,,,,,,,,,
,,,,,,,,,,,
,,,,,,,,,,,
,,,,,,,,,,,
,,,,,,,,,,,
,,,,,,,,,,,
,,,,,,,,,,,
,,,,,,,,,,,
,,,,,,,,,,,
,,,,,,,,,,,
,,,,,,,,,,,
,,,,,,,,,,,
,,,,,,,,,,,
,,,,,,,,,,,
,,,,,,,,,,,
,,,,,,,,,,,
,,,,,,,,,,,
,,,,,,,,,,,
,,,,,,,,,,,
,,,,,,,,,,,
,,,,,,,,,,,
,,,,,,,,,,,
,,,,,,,,,,,
,,,,,,,,,,,
,,,,,,,,,,,
,,,,,,,,,,,
,,,,,,,,,,,
,,,,,,,,,,,
,,,,,,,,,,,
,,,,,,,,,,,
,,,,,,,,,,,
,,,,,,,,,,,
,,,,,,,,,,,
,,,,,,,,,,,
,,,,,,,,,,,
,,,,,,,,,,,
,,,,,,,,,,,
,,,,,,,,,,,
,,,,,,,,,,,
,,,,,,,,,,,
,,,,,,,,,,,
,,,,,,,,,,,
,,,,,,,,,,,
,,,,,,,,,,,
,,,,,,,,,,,
,,,,,,,,,,,
,,,,,,,,,,,
,,,,,,,,,,,
,,,,,,,,,,,
,,,,,,,,,,,
,,,,,,,,,,,
,,,,,,,,,,,
,,,,,,,,,,,
,,,,,,,,,,,
,,,,,,,,,,,
,,,,,,,,,,,
,,,,,,,,,,,
,,,,,,,,,,,
,,,,,,,,,,,
,,,,,,,,,,,
,,,,,,,,,,,
,,,,,,,,,,,
,,,,,,,,,,,
,,,,,,,,,,,
,,,,,,,,,,,
,,,,,,,,,,,
,,,,,,,,,,,
,,,,,,,,,,,
,,,,,,,,,,,
,,,,,,,,,,,
,,,,,,,,,,,
,,,,,,,,,,,
,,,,,,,,,,,
,,,,,,,,,,,
,,,,,,,,,,,
,,,,,,,,,,,
,,,,,,,,,,,
,,,,,,,,,,,
,,,,,,,,,,,
,,,,,,,,,,,
,,,,,,,,,,,
,,,,,,,,,,,
,,,,,,,,,,,
,,,,,,,,,,,
,,,,,,,,,,,
,,,,,,,,,,,
,,,,,,,,,,,
,,,,,,,,,,,
,,,,,,,,,,,
,,,,,,,,,,,
,,,,,,,,,,,
,,,,,,,,,,,
,,,,,,,,,,,
,,,,,,,,,,,
,,,,,,,,,,,
,,,,,,,,,,,
,,,,,,,,,,,
,,,,,,,,,,,
,,,,,,,,,,,
,,,,,,,,,,,
,,,,,,,,,,,
,,,,,,,,,,,
,,,,,,,,,,,
,,,,,,,,,,,
,,,,,,,,,,,
,,,,,,,,,,,
,,,,,,,,,,,
,,,,,,,,,,,
,,,,,,,,,,,
,,,,,,,,,,,
,,,,,,,,,,,
,,,,,,,,,,,
,,,,,,,,,,,
,,,,,,,,,,,
,,,,,,,,,,,
,,,,,,,,,,,
,,,,,,,,,,,
,,,,,,,,,,,
,,,,,,,,,,,
,,,,,,,,,,,
,,,,,,,,,,,
,,,,,,,,,,,
,,,,,,,,,,,
,,,,,,,,,,,
,,,,,,,,,,,
,,,,,,,,,,,
,,,,,,,,,,,
,,,,,,,,,,,
,,,,,,,,,,,
,,,,,,,,,,,
,,,,,,,,,,,
,,,,,,,,,,,
,,,,,,,,,,,
,,,,,,,,,,,
,,,,,,,,,,,
,,,,,,,,,,,
,,,,,,,,,,,
,,,,,,,,,,,
,,,,,,,,,,,
,,,,,,,,,,,
,,,,,,,,,,,
,,,,,,,,,,,
,,,,,,,,,,,
,,,,,,,,,,,
,,,,,,,,,,,
,,,,,,,,,,,
,,,,,,,,,,,
,,,,,,,,,,,
,,,,,,,,,,,
,,,,,,,,,,,
,,,,,,,,,,,
,,,,,,,,,,,
,,,,,,,,,,,
,,,,,,,,,,,
,,,,,,,,,,,
,,,,,,,,,,,
,,,,,,,,,,,
,,,,,,,,,,,
,,,,,,,,,,,
,,,,,,,,,,,
,,,,,,,,,,,
,,,,,,,,,,,
,,,,,,,,,,,
,,,,,,,,,,,
,,,,,,,,,,,
,,,,,,,,,,,
,,,,,,,,,,,
,,,,,,,,,,,
,,,,,,,,,,,
,,,,,,,,,,,
,,,,,,,,,,,
,,,,,,,,,,,
,,,,,,,,,,,
,,,,,,,,,,,
,,,,,,,,,,,
,,,,,,,,,,,
,,,,,,,,,,,
,,,,,,,,,,,
,,,,,,,,,,,
,,,,,,,,,,,
,,,,,,,,,,,
,,,,,,,,,,,
,,,,,,,,,,,
,,,,,,,,,,,
,,,,,,,,,,,
,,,,,,,,,,,
,,,,,,,,,,,
,,,,,,,,,,,
,,,,,,,,,,,
,,,,,,,,,,,
,,,,,,,,,,,
,,,,,,,,,,,
,,,,,,,,,,,
,,,,,,,,,,,
,,,,,,,,,,,
,,,,,,,,,,,
,,,,,,,,,,,
,,,,,,,,,,,
,,,,,,,,,,,
,,,,,,,,,,,
,,,,,,,,,,,
,,,,,,,,,,,
,,,,,,,,,,,
,,,,,,,,,,,
,,,,,,,,,,,
,,,,,,,,,,,
,,,,,,,,,,,
,,,,,,,,,,,
,,,,,,,,,,,
,,,,,,,,,,,
,,,,,,,,,,,
,,,,,,,,,,,
,,,,,,,,,,,
,,,,,,,,,,,
,,,,,,,,,,,
,,,,,,,,,,,
,,,,,,,,,,,
,,,,,,,,,,,
,,,,,,,,,,,
,,,,,,,,,,,
,,,,,,,,,,,
,,,,,,,,,,,
,,,,,,,,,,,
,,,,,,,,,,,
,,,,,,,,,,,
,,,,,,,,,,,
,,,,,,,,,,,
,,,,,,,,,,,
,,,,,,,,,,,
,,,,,,,,,,,
,,,,,,,,,,,
,,,,,,,,,,,
,,,,,,,,,,,
,,,,,,,,,,,
,,,,,,,,,,,
,,,,,,,,,,,
,,,,,,,,,,,
,,,,,,,,,,,
,,,,,,,,,,,
,,,,,,,,,,,
,,,,,,,,,,,
,,,,,,,,,,,
,,,,,,,,,,,
,,,,,,,,,,,
,,,,,,,,,,,
,,,,,,,,,,,
,,,,,,,,,,,
,,,,,,,,,,,
,,,,,,,,,,,
,,,,,,,,,,,
,,,,,,,,,,,
,,,,,,,,,,,
,,,,,,,,,,,
,,,,,,,,,,,
,,,,,,,,,,,
,,,,,,,,,,,
,,,,,,,,,,,
,,,,,,,,,,,
,,,,,,,,,,,
,,,,,,,,,,,
,,,,,,,,,,,
,,,,,,,,,,,
,,,,,,,,,,,
,,,,,,,,,,,
,,,,,,,,,,,
,,,,,,,,,,,
,,,,,,,,,,,
,,,,,,,,,,,
,,,,,,,,,,,
,,,,,,,,,,,
,,,,,,,,,,,
,,,,,,,,,,,
,,,,,,,,,,,
,,,,,,,,,,,
,,,,,,,,,,,
,,,,,,,,,,,
,,,,,,,,,,,
,,,,,,,,,,,
,,,,,,,,,,,
,,,,,,,,,,,
,,,,,,,,,,,
,,,,,,,,,,,
,,,,,,,,,,,
,,,,,,,,,,,
,,,,,,,,,,,
,,,,,,,,,,,
,,,,,,,,,,,
,,,,,,,,,,,
,,,,,,,,,,,
,,,,,,,,,,,
,,,,,,,,,,,
,,,,,,,,,,,
,,,,,,,,,,,
,,,,,,,,,,,
,,,,,,,,,,,
,,,,,,,,,,,
,,,,,,,,,,,
,,,,,,,,,,,
,,,,,,,,,,,
,,,,,,,,,,,
,,,,,,,,,,,
,,,,,,,,,,,
,,,,,,,,,,,
,,,,,,,,,,,
,,,,,,,,,,,
,,,,,,,,,,,
,,,,,,,,,,,
,,,,,,,,,,,
,,,,,,,,,,,
,,,,,,,,,,,
,,,,,,,,,,,
,,,,,,,,,,,
,,,,,,,,,,,
,,,,,,,,,,,
,,,,,,,,,,,
,,,,,,,,,,,
,,,,,,,,,,,
,,,,,,,,,,,
,,,,,,,,,,,
,,,,,,,,,,,
,,,,,,,,,,,
,,,,,,,,,,,
,,,,,,,,,,,
,,,,,,,,,,,
,,,,,,,,,,,
,,,,,,,,,,,
,,,,,,,,,,,
,,,,,,,,,,,
,,,,,,,,,,,
,,,,,,,,,,,
,,,,,,,,,,,
,,,,,,,,,,,
,,,,,,,,,,,
,,,,,,,,,,,
,,,,,,,,,,,
,,,,,,,,,,,
,,,,,,,,,,,
,,,,,,,,,,,
,,,,,,,,,,,
,,,,,,,,,,,
,,,,,,,,,,,
,,,,,,,,,,,
,,,,,,,,,,,
,,,,,,,,,,,
,,,,,,,,,,,
,,,,,,,,,,,
,,,,,,,,,,,
,,,,,,,,,,,
,,,,,,,,,,,
,,,,,,,,,,,
,,,,,,,,,,,
,,,,,,,,,,,
,,,,,,,,,,,
,,,,,,,,,,,
,,,,,,,,,,,
,,,,,,,,,,,
,,,,,,,,,,,
,,,,,,,,,,,
,,,,,,,,,,,
,,,,,,,,,,,
,,,,,,,,,,,
,,,,,,,,,,,
,,,,,,,,,,,
,,,,,,,,,,,
,,,,,,,,,,,
,,,,,,,,,,,
,,,,,,,,,,,
,,,,,,,,,,,
,,,,,,,,,,,
,,,,,,,,,,,
,,,,,,,,,,,
,,,,,,,,,,,
,,,,,,,,,,,
,,,,,,,,,,,
,,,,,,,,,,,
,,,,,,,,,,,
,,,,,,,,,,,
,,,,,,,,,,,
,,,,,,,,,,,
,,,,,,,,,,,
,,,,,,,,,,,
,,,,,,,,,,,
,,,,,,,,,,,
,,,,,,,,,,,
,,,,,,,,,,,
,,,,,,,,,,,
,,,,,,,,,,,
,,,,,,,,,,,
,,,,,,,,,,,
,,,,,,,,,,,
,,,,,,,,,,,
,,,,,,,,,,,
,,,,,,,,,,,
,,,,,,,,,,,
,,,,,,,,,,,
,,,,,,,,,,,
,,,,,,,,,,,
,,,,,,,,,,,
,,,,,,,,,,,
,,,,,,,,,,,
,,,,,,,,,,,
,,,,,,,,,,,
,,,,,,,,,,,
,,,,,,,,,,,
,,,,,,,,,,,
,,,,,,,,,,,
,,,,,,,,,,,
,,,,,,,,,,,
,,,,,,,,,,,
,,,,,,,,,,,
,,,,,,,,,,,
,,,,,,,,,,,
,,,,,,,,,,,
,,,,,,,,,,,
,,,,,,,,,,,
,,,,,,,,,,,
,,,,,,,,,,,
,,,,,,,,,,,
,,,,,,,,,,,
,,,,,,,,,,,
,,,,,,,,,,,
,,,,,,,,,,,
,,,,,,,,,,,
,,,,,,,,,,,
,,,,,,,,,,,
,,,,,,,,,,,
,,,,,,,,,,,
,,,,,,,,,,,
,,,,,,,,,,,
,,,,,,,,,,,
,,,,,,,,,,,
,,,,,,,,,,,
,,,,,,,,,,,
,,,,,,,,,,,
,,,,,,,,,,,
,,,,,,,,,,,
,,,,,,,,,,,
,,,,,,,,,,,
,,,,,,,,,,,
,,,,,,,,,,,
,,,,,,,,,,,
,,,,,,,,,,,
,,,,,,,,,,,
,,,,,,,,,,,
,,,,,,,,,,,
,,,,,,,,,,,
,,,,,,,,,,,
,,,,,,,,,,,
,,,,,,,,,,,
,,,,,,,,,,,
,,,,,,,,,,,
,,,,,,,,,,,
,,,,,,,,,,,
,,,,,,,,,,,
,,,,,,,,,,,
,,,,,,,,,,,
,,,,,,,,,,,
,,,,,,,,,,,
,,,,,,,,,,,
,,,,,,,,,,,
,,,,,,,,,,,
,,,,,,,,,,,
,,,,,,,,,,,
,,,,,,,,,,,
,,,,,,,,,,,
,,,,,,,,,,,
,,,,,,,,,,,
,,,,,,,,,,,
,,,,,,,,,,,
,,,,,,,,,,,
,,,,,,,,,,,
,,,,,,,,,,,
,,,,,,,,,,,
,,,,,,,,,,,
,,,,,,,,,,,
,,,,,,,,,,,
,,,,,,,,,,,
,,,,,,,,,,,
,,,,,,,,,,,
,,,,,,,,,,,
,,,,,,,,,,,
,,,,,,,,,,,
,,,,,,,,,,,
,,,,,,,,,,,
,,,,,,,,,,,
,,,,,,,,,,,
,,,,,,,,,,,
,,,,,,,,,,,
,,,,,,,,,,,
,,,,,,,,,,,
,,,,,,,,,,,
,,,,,,,,,,,
,,,,,,,,,,,
,,,,,,,,,,,
,,,,,,,,,,,
,,,,,,,,,,,
,,,,,,,,,,,
,,,,,,,,,,,
,,,,,,,,,,,
,,,,,,,,,,,
,,,,,,,,,,,
,,,,,,,,,,,
,,,,,,,,,,,
,,,,,,,,,,,
,,,,,,,,,,,
,,,,,,,,,,,
,,,,,,,,,,,
,,,,,,,,,,,
,,,,,,,,,,,
,,,,,,,,,,,
,,,,,,,,,,,
,,,,,,,,,,,
,,,,,,,,,,,
,,,,,,,,,,,
,,,,,,,,,,,
,,,,,,,,,,,
,,,,,,,,,,,
,,,,,,,,,,,
,,,,,,,,,,,
,,,,,,,,,,,
,,,,,,,,,,,
,,,,,,,,,,,
,,,,,,,,,,,
,,,,,,,,,,,
,,,,,,,,,,,
,,,,,,,,,,,
,,,,,,,,,,,
,,,,,,,,,,,
,,,,,,,,,,,
,,,,,,,,,,,
,,,,,,,,,,,
,,,,,,,,,,,
,,,,,,,,,,,
,,,,,,,,,,,
,,,,,,,,,,,
,,,,,,,,,,,
,,,,,,,,,,,
,,,,,,,,,,,
,,,,,,,,,,,
,,,,,,,,,,,
,,,,,,,,,,,
,,,,,,,,,,,
,,,,,,,,,,,
,,,,,,,,,,,
,,,,,,,,,,,
,,,,,,,,,,,
,,,,,,,,,,,
,,,,,,,,,,,
,,,,,,,,,,,
,,,,,,,,,,,
,,,,,,,,,,,
,,,,,,,,,,,
,,,,,,,,,,,
,,,,,,,,,,,
,,,,,,,,,,,
,,,,,,,,,,,
,,,,,,,,,,,
,,,,,,,,,,,
,,,,,,,,,,,
,,,,,,,,,,,
,,,,,,,,,,,
,,,,,,,,,,,
,,,,,,,,,,,
,,,,,,,,,,,
,,,,,,,,,,,
,,,,,,,,,,,
,,,,,,,,,,,
,,,,,,,,,,,
,,,,,,,,,,,
,,,,,,,,,,,
,,,,,,,,,,,
,,,,,,,,,,,
,,,,,,,,,,,
,,,,,,,,,,,
,,,,,,,,,,,
,,,,,,,,,,,
,,,,,,,,,,,
,,,,,,,,,,,
,,,,,,,,,,,
,,,,,,,,,,,
,,,,,,,,,,,
,,,,,,,,,,,
,,,,,,,,,,,
,,,,,,,,,,,
,,,,,,,,,,,
,,,,,,,,,,,
,,,,,,,,,,,
,,,,,,,,,,,
,,,,,,,,,,,
,,,,,,,,,,,
,,,,,,,,,,,
,,,,,,,,,,,
,,,,,,,,,,,
,,,,,,,,,,,
,,,,,,,,,,,
,,,,,,,,,,,
,,,,,,,,,,,
,,,,,,,,,,,
,,,,,,,,,,,
,,,,,,,,,,,
,,,,,,,,,,,
,,,,,,,,,,,
,,,,,,,,,,,
,,,,,,,,,,,
,,,,,,,,,,,
,,,,,,,,,,,
,,,,,,,,,,,
,,,,,,,,,,,
,,,,,,,,,,,
,,,,,,,,,,,
,,,,,,,,,,,
,,,,,,,,,,,
,,,,,,,,,,,
,,,,,,,,,,,
,,,,,,,,,,,
,,,,,,,,,,,
,,,,,,,,,,,
,,,,,,,,,,,
,,,,,,,,,,,
,,,,,,,,,,,
,,,,,,,,,,,
,,,,,,,,,,,
,,,,,,,,,,,
,,,,,,,,,,,
,,,,,,,,,,,
,,,,,,,,,,,
,,,,,,,,,,,
,,,,,,,,,,,
,,,,,,,,,,,
,,,,,,,,,,,
,,,,,,,,,,,
,,,,,,,,,,,
,,,,,,,,,,,
,,,,,,,,,,,
,,,,,,,,,,,
,,,,,,,,,,,
,,,,,,,,,,,
,,,,,,,,,,,
,,,,,,,,,,,
,,,,,,,,,,,
,,,,,,,,,,,
,,,,,,,,,,,
,,,,,,,,,,,
,,,,,,,,,,,
,,,,,,,,,,,
,,,,,,,,,,,
,,,,,,,,,,,
,,,,,,,,,,,
,,,,,,,,,,,
,,,,,,,,,,,
,,,,,,,,,,,
,,,,,,,,,,,
,,,,,,,,,,,
,,,,,,,,,,,
,,,,,,,,,,,
,,,,,,,,,,,
,,,,,,,,,,,
,,,,,,,,,,,
,,,,,,,,,,,
,,,,,,,,,,,
,,,,,,,,,,,
,,,,,,,,,,,
,,,,,,,,,,,
,,,,,,,,,,,
,,,,,,,,,,,
,,,,,,,,,,,
,,,,,,,,,,,
,,,,,,,,,,,
,,,,,,,,,,,
,,,,,,,,,,,
,,,,,,,,,,,
,,,,,,,,,,,
,,,,,,,,,,,
,,,,,,,,,,,
,,,,,,,,,,,
,,,,,,,,,,,
,,,,,,,,,,,
,,,,,,,,,,,
,,,,,,,,,,,
,,,,,,,,,,,
,,,,,,,,,,,
,,,,,,,,,,,
,,,,,,,,,,,
,,,,,,,,,,,
,,,,,,,,,,,
,,,,,,,,,,,
,,,,,,,,,,,
,,,,,,,,,,,
,,,,,,,,,,,
,,,,,,,,,,,
,,,,,,,,,,,
,,,,,,,,,,,
,,,,,,,,,,,
,,,,,,,,,,,
,,,,,,,,,,,
,,,,,,,,,,,
,,,,,,,,,,,
,,,,,,,,,,,
,,,,,,,,,,,
,,,,,,,,,,,
,,,,,,,,,,,
,,,,,,,,,,,
,,,,,,,,,,,
,,,,,,,,,,,
,,,,,,,,,,,
,,,,,,,,,,,
,,,,,,,,,,,
,,,,,,,,,,,
,,,,,,,,,,,
,,,,,,,,,,,
,,,,,,,,,,,
,,,,,,,,,,,
,,,,,,,,,,,
,,,,,,,,,,,
,,,,,,,,,,,
,,,,,,,,,,,
,,,,,,,,,,,
,,,,,,,,,,,
,,,,,,,,,,,
,,,,,,,,,,,
,,,,,,,,,,,
,,,,,,,,,,,
,,,,,,,,,,,
,,,,,,,,,,,
,,,,,,,,,,,
,,,,,,,,,,,
,,,,,,,,,,,
,,,,,,,,,,,
,,,,,,,,,,,
,,,,,,,,,,,
,,,,,,,,,,,
,,,,,,,,,,,
,,,,,,,,,,,
,,,,,,,,,,,
,,,,,,,,,,,
,,,,,,,,,,,
,,,,,,,,,,,
,,,,,,,,,,,
,,,,,,,,,,,
,,,,,,,,,,,
,,,,,,,,,,,
,,,,,,,,,,,
,,,,,,,,,,,
,,,,,,,,,,,
,,,,,,,,,,,
,,,,,,,,,,,
,,,,,,,,,,,
,,,,,,,,,,,
,,,,,,,,,,,
,,,,,,,,,,,
,,,,,,,,,,,
,,,,,,,,,,,
,,,,,,,,,,,
,,,,,,,,,,,
,,,,,,,,,,,
,,,,,,,,,,,
,,,,,,,,,,,
,,,,,,,,,,,
,,,,,,,,,,,
,,,,,,,,,,,
,,,,,,,,,,,
,,,,,,,,,,,
,,,,,,,,,,,
,,,,,,,,,,,
,,,,,,,,,,,
,,,,,,,,,,,
,,,,,,,,,,,
,,,,,,,,,,,
,,,,,,,,,,,
,,,,,,,,,,,
,,,,,,,,,,,
,,,,,,,,,,,
,,,,,,,,,,,
,,,,,,,,,,,
,,,,,,,,,,,
,,,,,,,,,,,
,,,,,,,,,,,
,,,,,,,,,,,
,,,,,,,,,,,
,,,,,,,,,,,
,,,,,,,,,,,
,,,,,,,,,,,
,,,,,,,,,,,
,,,,,,,,,,,
,,,,,,,,,,,
,,,,,,,,,,,
,,,,,,,,,,,
,,,,,,,,,,,
,,,,,,,,,,,
,,,,,,,,,,,
,,,,,,,,,,,
,,,,,,,,,,,
,,,,,,,,,,,
,,,,,,,,,,,
,,,,,,,,,,,
,,,,,,,,,,,
,,,,,,,,,,,
,,,,,,,,,,,
,,,,,,,,,,,
,,,,,,,,,,,
,,,,,,,,,,,
,,,,,,,,,,,
,,,,,,,,,,,
,,,,,,,,,,,
,,,,,,,,,,,
,,,,,,,,,,,
,,,,,,,,,,,
,,,,,,,,,,,
,,,,,,,,,,,
,,,,,,,,,,,
,,,,,,,,,,,
,,,,,,,,,,,
,,,,,,,,,,,
,,,,,,,,,,,
,,,,,,,,,,,
,,,,,,,,,,,
,,,,,,,,,,,
,,,,,,,,,,,
,,,,,,,,,,,
,,,,,,,,,,,
,,,,,,,,,,,
,,,,,,,,,,,
,,,,,,,,,,,
,,,,,,,,,,,
,,,,,,,,,,,
,,,,,,,,,,,
,,,,,,,,,,,
,,,,,,,,,,,
,,,,,,,,,,,
,,,,,,,,,,,
,,,,,,,,,,,
,,,,,,,,,,,
,,,,,,,,,,,
,,,,,,,,,,,
,,,,,,,,,,,
,,,,,,,,,,,
,,,,,,,,,,,
,,,,,,,,,,,
,,,,,,,,,,,
,,,,,,,,,,,
,,,,,,,,,,,
,,,,,,,,,,,
,,,,,,,,,,,
,,,,,,,,,,,
,,,,,,,,,,,
,,,,,,,,,,,
,,,,,,,,,,,
,,,,,,,,,,,
,,,,,,,,,,,
,,,,,,,,,,,
,,,,,,,,,,,
,,,,,,,,,,,
,,,,,,,,,,,
,,,,,,,,,,,
,,,,,,,,,,,
,,,,,,,,,,,
,,,,,,,,,,,
,,,,,,,,,,,
,,,,,,,,,,,
,,,,,,,,,,,
,,,,,,,,,,,
,,,,,,,,,,,
,,,,,,,,,,,
,,,,,,,,,,,
,,,,,,,,,,,
,,,,,,,,,,,
,,,,,,,,,,,
,,,,,,,,,,,
,,,,,,,,,,,
,,,,,,,,,,,
,,,,,,,,,,,
,,,,,,,,,,,
,,,,,,,,,,,
,,,,,,,,,,,
,,,,,,,,,,,
,,,,,,,,,,,
,,,,,,,,,,,
,,,,,,,,,,,
,,,,,,,,,,,
,,,,,,,,,,,
,,,,,,,,,,,
,,,,,,,,,,,
,,,,,,,,,,,
,,,,,,,,,,,
,,,,,,,,,,,
,,,,,,,,,,,
,,,,,,,,,,,
,,,,,,,,,,,
,,,,,,,,,,,
,,,,,,,,,,,
,,,,,,,,,,,
,,,,,,,,,,,
,,,,,,,,,,,
,,,,,,,,,,,
,,,,,,,,,,,
,,,,,,,,,,,
,,,,,,,,,,,
,,,,,,,,,,,
,,,,,,,,,,,
,,,,,,,,,,,
,,,,,,,,,,,
,,,,,,,,,,,
,,,,,,,,,,,
,,,,,,,,,,,
,,,,,,,,,,,
,,,,,,,,,,,
,,,,,,,,,,,
,,,,,,,,,,,
,,,,,,,,,,,
,,,,,,,,,,,
,,,,,,,,,,,
,,,,,,,,,,,
,,,,,,,,,,,
,,,,,,,,,,,
,,,,,,,,,,,
,,,,,,,,,,,
,,,,,,,,,,,
,,,,,,,,,,,
,,,,,,,,,,,
,,,,,,,,,,,
,,,,,,,,,,,
,,,,,,,,,,,
,,,,,,,,,,,
,,,,,,,,,,,
,,,,,,,,,,,
,,,,,,,,,,,
,,,,,,,,,,,
,,,,,,,,,,,
,,,,,,,,,,,
,,,,,,,,,,,
,,,,,,,,,,,
,,,,,,,,,,,
,,,,,,,,,,,
,,,,,,,,,,,
,,,,,,,,,,,
,,,,,,,,,,,
,,,,,,,,,,,
,,,,,,,,,,,
,,,,,,,,,,,
,,,,,,,,,,,
,,,,,,,,,,,
,,,,,,,,,,,
,,,,,,,,,,,
,,,,,,,,,,,
,,,,,,,,,,,
,,,,,,,,,,,
,,,,,,,,,,,
,,,,,,,,,,,
,,,,,,,,,,,
,,,,,,,,,,,
,,,,,,,,,,,
,,,,,,,,,,,
,,,,,,,,,,,
,,,,,,,,,,,
,,,,,,,,,,,
,,,,,,,,,,,
,,,,,,,,,,,
,,,,,,,,,,,
,,,,,,,,,,,
,,,,,,,,,,,
,,,,,,,,,,,
,,,,,,,,,,,
,,,,,,,,,,,
,,,,,,,,,,,
,,,,,,,,,,,
,,,,,,,,,,,
,,,,,,,,,,,
,,,,,,,,,,,
,,,,,,,,,,,
,,,,,,,,,,,
,,,,,,,,,,,
,,,,,,,,,,,
,,,,,,,,,,,
,,,,,,,,,,,
,,,,,,,,,,,
,,,,,,,,,,,
,,,,,,,,,,,
,,,,,,,,,,,
,,,,,,,,,,,
,,,,,,,,,,,
,,,,,,,,,,,
,,,,,,,,,,,
,,,,,,,,,,,
,,,,,,,,,,,
,,,,,,,,,,,
,,,,,,,,,,,
,,,,,,,,,,,
,,,,,,,,,,,
,,,,,,,,,,,
,,,,,,,,,,,
,,,,,,,,,,,
,,,,,,,,,,,
,,,,,,,,,,,
,,,,,,,,,,,
,,,,,,,,,,,
,,,,,,,,,,,
,,,,,,,,,,,
,,,,,,,,,,,
,,,,,,,,,,,
,,,,,,,,,,,
,,,,,,,,,,,
,,,,,,,,,,,
,,,,,,,,,,,
,,,,,,,,,,,
,,,,,,,,,,,
,,,,,,,,,,,
,,,,,,,,,,,
,,,,,,,,,,,
,,,,,,,,,,,
,,,,,,,,,,,
,,,,,,,,,,,
,,,,,,,,,,,
,,,,,,,,,,,
,,,,,,,,,,,
,,,,,,,,,,,
,,,,,,,,,,,
,,,,,,,,,,,
,,,,,,,,,,,
,,,,,,,,,,,
,,,,,,,,,,,
,,,,,,,,,,,
,,,,,,,,,,,
,,,,,,,,,,,
,,,,,,,,,,,
,,,,,,,,,,,
,,,,,,,,,,,
,,,,,,,,,,,
,,,,,,,,,,,
,,,,,,,,,,,
,,,,,,,,,,,
,,,,,,,,,,,
,,,,,,,,,,,
,,,,,,,,,,,
,,,,,,,,,,,
,,,,,,,,,,,
,,,,,,,,,,,
,,,,,,,,,,,
,,,,,,,,,,,
,,,,,,,,,,,
,,,,,,,,,,,
,,,,,,,,,,,
,,,,,,,,,,,
,,,,,,,,,,,
,,,,,,,,,,,
,,,,,,,,,,,
,,,,,,,,,,,
,,,,,,,,,,,
,,,,,,,,,,,
,,,,,,,,,,,
,,,,,,,,,,,
,,,,,,,,,,,
,,,,,,,,,,,
,,,,,,,,,,,
,,,,,,,,,,,
,,,,,,,,,,,
,,,,,,,,,,,
,,,,,,,,,,,
,,,,,,,,,,,
,,,,,,,,,,,
,,,,,,,,,,,
,,,,,,,,,,,
,,,,,,,,,,,
,,,,,,,,,,,
,,,,,,,,,,,
,,,,,,,,,,,
,,,,,,,,,,,
,,,,,,,,,,,
,,,,,,,,,,,
,,,,,,,,,,,
,,,,,,,,,,,
,,,,,,,,,,,
,,,,,,,,,,,
,,,,,,,,,,,
,,,,,,,,,,,
,,,,,,,,,,,
,,,,,,,,,,,
,,,,,,,,,,,
,,,,,,,,,,,
,,,,,,,,,,,
,,,,,,,,,,,
,,,,,,,,,,,
,,,,,,,,,,,
,,,,,,,,,,,
,,,,,,,,,,,
,,,,,,,,,,,
,,,,,,,,,,,
,,,,,,,,,,,
,,,,,,,,,,,
,,,,,,,,,,,
,,,,,,,,,,,
,,,,,,,,,,,
,,,,,,,,,,,
,,,,,,,,,,,
,,,,,,,,,,,
,,,,,,,,,,,
,,,,,,,,,,,
,,,,,,,,,,,
,,,,,,,,,,,
,,,,,,,,,,,
,,,,,,,,,,,
,,,,,,,,,,,
,,,,,,,,,,,
,,,,,,,,,,,
,,,,,,,,,,,
,,,,,,,,,,,
,,,,,,,,,,,
,,,,,,,,,,,
,,,,,,,,,,,
,,,,,,,,,,,
,,,,,,,,,,,
,,,,,,,,,,,
,,,,,,,,,,,
,,,,,,,,,,,
,,,,,,,,,,,
,,,,,,,,,,,
,,,,,,,,,,,
,,,,,,,,,,,
,,,,,,,,,,,
,,,,,,,,,,,
,,,,,,,,,,,
,,,,,,,,,,,
,,,,,,,,,,,
,,,,,,,,,,,
,,,,,,,,,,,
,,,,,,,,,,,
,,,,,,,,,,,
,,,,,,,,,,,
,,,,,,,,,,,
,,,,,,,,,,,
,,,,,,,,,,,
,,,,,,,,,,,
,,,,,,,,,,,
,,,,,,,,,,,
,,,,,,,,,,,
,,,,,,,,,,,
,,,,,,,,,,,
,,,,,,,,,,,
,,,,,,,,,,,
,,,,,,,,,,,
,,,,,,,,,,,
,,,,,,,,,,,
,,,,,,,,,,,
,,,,,,,,,,,
,,,,,,,,,,,
,,,,,,,,,,,
,,,,,,,,,,,
,,,,,,,,,,,
,,,,,,,,,,,
,,,,,,,,,,,
,,,,,,,,,,,
,,,,,,,,,,,
,,,,,,,,,,,
,,,,,,,,,,,
,,,,,,,,,,,
,,,,,,,,,,,
,,,,,,,,,,,
,,,,,,,,,,,
,,,,,,,,,,,
,,,,,,,,,,,
,,,,,,,,,,,
,,,,,,,,,,,
,,,,,,,,,,,
,,,,,,,,,,,
,,,,,,,,,,,
,,,,,,,,,,,
,,,,,,,,,,,
,,,,,,,,,,,
,,,,,,,,,,,
,,,,,,,,,,,
,,,,,,,,,,,
,,,,,,,,,,,
,,,,,,,,,,,
,,,,,,,,,,,
,,,,,,,,,,,
,,,,,,,,,,,
,,,,,,,,,,,
,,,,,,,,,,,
,,,,,,,,,,,
,,,,,,,,,,,
,,,,,,,,,,,
,,,,,,,,,,,
,,,,,,,,,,,
,,,,,,,,,,,
,,,,,,,,,,,
,,,,,,,,,,,
,,,,,,,,,,,
,,,,,,,,,,,
,,,,,,,,,,,
,,,,,,,,,,,
,,,,,,,,,,,
,,,,,,,,,,,
,,,,,,,,,,,
,,,,,,,,,,,
,,,,,,,,,,,
,,,,,,,,,,,
,,,,,,,,,,,
,,,,,,,,,,,
,,,,,,,,,,,
,,,,,,,,,,,
,,,,,,,,,,,
,,,,,,,,,,,
,,,,,,,,,,,
,,,,,,,,,,,
,,,,,,,,,,,
,,,,,,,,,,,
,,,,,,,,,,,
,,,,,,,,,,,
,,,,,,,,,,,
,,,,,,,,,,,
,,,,,,,,,,,
,,,,,,,,,,,
,,,,,,,,,,,
,,,,,,,,,,,
,,,,,,,,,,,
,,,,,,,,,,,
,,,,,,,,,,,
,,,,,,,,,,,
,,,,,,,,,,,
,,,,,,,,,,,
,,,,,,,,,,,
,,,,,,,,,,,
,,,,,,,,,,,
,,,,,,,,,,,
,,,,,,,,,,,
,,,,,,,,,,,
,,,,,,,,,,,
,,,,,,,,,,,
,,,,,,,,,,,
,,,,,,,,,,,
,,,,,,,,,,,
,,,,,,,,,,,
,,,,,,,,,,,
,,,,,,,,,,,
,,,,,,,,,,,
,,,,,,,,,,,
,,,,,,,,,,,
,,,,,,,,,,,
,,,,,,,,,,,
,,,,,,,,,,,
,,,,,,,,,,,
,,,,,,,,,,,
,,,,,,,,,,,
,,,,,,,,,,,
,,,,,,,,,,,
,,,,,,,,,,,
,,,,,,,,,,,
,,,,,,,,,,,
,,,,,,,,,,,
,,,,,,,,,,,
,,,,,,,,,,,
,,,,,,,,,,,
,,,,,,,,,,,
,,,,,,,,,,,
,,,,,,,,,,,
,,,,,,,,,,,
,,,,,,,,,,,
,,,,,,,,,,,
,,,,,,,,,,,
,,,,,,,,,,,
,,,,,,,,,,,
,,,,,,,,,,,
,,,,,,,,,,,
,,,,,,,,,,,
,,,,,,,,,,,
,,,,,,,,,,,
,,,,,,,,,,,
,,,,,,,,,,,
,,,,,,,,,,,
,,,,,,,,,,,
,,,,,,,,,,,
,,,,,,,,,,,
,,,,,,,,,,,
,,,,,,,,,,,
,,,,,,,,,,,
,,,,,,,,,,,
,,,,,,,,,,,
,,,,,,,,,,,
,,,,,,,,,,,
,,,,,,,,,,,
,,,,,,,,,,,
,,,,,,,,,,,
,,,,,,,,,,,
,,,,,,,,,,,
,,,,,,,,,,,
,,,,,,,,,,,
,,,,,,,,,,,
,,,,,,,,,,,
,,,,,,,,,,,
,,,,,,,,,,,
,,,,,,,,,,,
,,,,,,,,,,,
,,,,,,,,,,,
,,,,,,,,,,,
,,,,,,,,,,,
,,,,,,,,,,,
,,,,,,,,,,,
,,,,,,,,,,,
,,,,,,,,,,,
,,,,,,,,,,,
,,,,,,,,,,,
,,,,,,,,,,,
,,,,,,,,,,,
,,,,,,,,,,,
,,,,,,,,,,,
,,,,,,,,,,,
,,,,,,,,,,,
,,,,,,,,,,,
,,,,,,,,,,,
,,,,,,,,,,,
,,,,,,,,,,,
,,,,,,,,,,,
,,,,,,,,,,,
,,,,,,,,,,,
,,,,,,,,,,,
,,,,,,,,,,,
,,,,,,,,,,,
,,,,,,,,,,,
,,,,,,,,,,,
,,,,,,,,,,,
,,,,,,,,,,,
,,,,,,,,,,,
,,,,,,,,,,,
,,,,,,,,,,,
,,,,,,,,,,,
,,,,,,,,,,,
,,,,,,,,,,,
,,,,,,,,,,,
,,,,,,,,,,,
,,,,,,,,,,,
,,,,,,,,,,,
,,,,,,,,,,,
,,,,,,,,,,,
,,,,,,,,,,,
,,,,,,,,,,,
,,,,,,,,,,,
,,,,,,,,,,,
,,,,,,,,,,,
,,,,,,,,,,,
,,,,,,,,,,,
,,,,,,,,,,,
,,,,,,,,,,,
,,,,,,,,,,,
,,,,,,,,,,,
,,,,,,,,,,,
,,,,,,,,,,,
,,,,,,,,,,,
,,,,,,,,,,,
,,,,,,,,,,,
,,,,,,,,,,,
,,,,,,,,,,,
,,,,,,,,,,,
,,,,,,,,,,,
,,,,,,,,,,,
,,,,,,,,,,,
,,,,,,,,,,,
,,,,,,,,,,,
,,,,,,,,,,,
,,,,,,,,,,,
,,,,,,,,,,,
,,,,,,,,,,,
,,,,,,,,,,,
,,,,,,,,,,,
,,,,,,,,,,,
,,,,,,,,,,,
,,,,,,,,,,,
,,,,,,,,,,,
,,,,,,,,,,,
,,,,,,,,,,,
,,,,,,,,,,,
,,,,,,,,,,,
,,,,,,,,,,,
,,,,,,,,,,,
,,,,,,,,,,,
,,,,,,,,,,,
,,,,,,,,,,,
,,,,,,,,,,,
,,,,,,,,,,,
,,,,,,,,,,,
,,,,,,,,,,,
,,,,,,,,,,,
,,,,,,,,,,,
,,,,,,,,,,,
,,,,,,,,,,,
,,,,,,,,,,,
,,,,,,,,,,,
,,,,,,,,,,,
,,,,,,,,,,,
,,,,,,,,,,,
,,,,,,,,,,,
,,,,,,,,,,,
,,,,,,,,,,,
,,,,,,,,,,,
,,,,,,,,,,,
,,,,,,,,,,,
,,,,,,,,,,,
,,,,,,,,,,,
,,,,,,,,,,,
,,,,,,,,,,,
,,,,,,,,,,,
,,,,,,,,,,,
,,,,,,,,,,,
,,,,,,,,,,,
,,,,,,,,,,,
,,,,,,,,,,,
,,,,,,,,,,,
,,,,,,,,,,,
,,,,,,,,,,,
,,,,,,,,,,,
,,,,,,,,,,,
,,,,,,,,,,,
,,,,,,,,,,,
,,,,,,,,,,,
,,,,,,,,,,,
,,,,,,,,,,,
,,,,,,,,,,,
,,,,,,,,,,,
,,,,,,,,,,,
,,,,,,,,,,,
,,,,,,,,,,,
,,,,,,,,,,,
,,,,,,,,,,,
,,,,,,,,,,,
,,,,,,,,,,,
,,,,,,,,,,,
,,,,,,,,,,,
,,,,,,,,,,,
,,,,,,,,,,,
,,,,,,,,,,,
,,,,,,,,,,,
,,,,,,,,,,,
,,,,,,,,,,,
,,,,,,,,,,,
,,,,,,,,,,,
,,,,,,,,,,,
,,,,,,,,,,,
,,,,,,,,,,,
,,,,,,,,,,,
,,,,,,,,,,,
,,,,,,,,,,,
,,,,,,,,,,,
,,,,,,,,,,,
,,,,,,,,,,,
,,,,,,,,,,,
,,,,,,,,,,,
,,,,,,,,,,,
,,,,,,,,,,,
,,,,,,,,,,,
,,,,,,,,,,,
,,,,,,,,,,,
,,,,,,,,,,,
,,,,,,,,,,,
,,,,,,,,,,,
,,,,,,,,,,,
,,,,,,,,,,,
,,,,,,,,,,,
,,,,,,,,,,,
,,,,,,,,,,,
,,,,,,,,,,,
,,,,,,,,,,,
,,,,,,,,,,,
,,,,,,,,,,,
,,,,,,,,,,,
,,,,,,,,,,,
,,,,,,,,,,,
,,,,,,,,,,,
,,,,,,,,,,,
,,,,,,,,,,,
,,,,,,,,,,,
,,,,,,,,,,,
,,,,,,,,,,,
,,,,,,,,,,,
,,,,,,,,,,,
,,,,,,,,,,,
,,,,,,,,,,,
,,,,,,,,,,,
,,,,,,,,,,,
,,,,,,,,,,,
,,,,,,,,,,,
